--
-- PostgreSQL database dump
--
 
-- Dumped from database version 9.2.3
-- Dumped by pg_dump version 9.3.1
-- Started on 2015-03-23 16:04:41

SET statement_timeout = 0;
SET client_encoding = 'UTF8';
SET standard_conforming_strings = on;
SET check_function_bodies = false;
SET client_min_messages = warning;

SET search_path = application, pg_catalog;
--
-- TOC entry 4045 (class 0 OID 403293)
-- Dependencies: 219
-- Data for Name: application; Type: TABLE DATA; Schema: application; Owner: postgres
--

ALTER TABLE application DISABLE TRIGGER ALL;

INSERT INTO application (id, nr, agent_id, contact_person_id, lodging_datetime, expected_completion_date, assignee_id, assigned_datetime, location, services_fee, tax, total_fee, total_amount_paid, fee_paid, action_code, action_notes, status_code, receipt_reference, rowidentifier, rowversion, change_action, change_user, change_time) VALUES ('32c60da2-8f82-4641-84ec-04d27bc7590c', 'SR-15030014', NULL, 'be7d2c26-8a17-481e-96d5-269a87250e02', '2015-03-20 08:45:46.584', '2015-06-18', 'test-id', '2015-03-20 08:47:58.374', '010400002091080000010000000101000000716FAA4E0C613B418A79ADF3FD955641', 0.00, 0.00, 0.00, 0.00, false, 'approve', NULL, 'approved', NULL, 'e98842d3-7ff4-4bec-922b-f600e10e1011', 1, 'i', 'test', '2015-03-23 14:55:41.967');
INSERT INTO application (id, nr, agent_id, contact_person_id, lodging_datetime, expected_completion_date, assignee_id, assigned_datetime, location, services_fee, tax, total_fee, total_amount_paid, fee_paid, action_code, action_notes, status_code, receipt_reference, rowidentifier, rowversion, change_action, change_user, change_time) VALUES ('2e2b7ec1-55c8-402a-8d9f-7ad98c3a96c6', 'SR-15030022', NULL, 'e74cd717-a93d-497c-82eb-44d12fb3ac7c', '2015-03-20 09:17:40.901', '2015-06-18', 'test-id', '2015-03-20 09:21:53.266', '010400002091080000010000000101000000CE259616F8613B412952D71628965641', 0.00, 0.00, 0.00, 0.00, false, 'approve', NULL, 'approved', NULL, 'd82ddd40-ccdb-41b1-a9f9-8d886b1c9cea', 1, 'i', 'test', '2015-03-23 14:55:42.027');
INSERT INTO application (id, nr, agent_id, contact_person_id, lodging_datetime, expected_completion_date, assignee_id, assigned_datetime, location, services_fee, tax, total_fee, total_amount_paid, fee_paid, action_code, action_notes, status_code, receipt_reference, rowidentifier, rowversion, change_action, change_user, change_time) VALUES ('1b6ecbed-a3f3-430c-af28-c8bfc3393cb8', 'SR-15030001', NULL, '069616bb-f4c1-4bcb-a7fa-cab2228aad0a', '2015-03-20 00:17:53.675', '2015-04-19', 'test-id', '2015-03-20 00:18:03.247', NULL, 0.00, 0.00, 0.00, 0.00, false, 'approve', NULL, 'approved', NULL, 'cec2d1b6-a17b-45c4-94a9-d1e997b9bbc0', 1, 'i', 'test', '2015-03-23 14:55:42.027');
INSERT INTO application (id, nr, agent_id, contact_person_id, lodging_datetime, expected_completion_date, assignee_id, assigned_datetime, location, services_fee, tax, total_fee, total_amount_paid, fee_paid, action_code, action_notes, status_code, receipt_reference, rowidentifier, rowversion, change_action, change_user, change_time) VALUES ('2a69de6c-bb2c-4eb4-9a0e-e7190c3efbf2', 'SR-15030005', NULL, '5a71d44b-50f3-4c32-8f74-3a8d086fa9b5', '2015-03-20 01:40:44.905', '2015-06-18', 'test-id', '2015-03-20 01:40:55.967', '0104000020910800000100000001010000008ED7513599603B410DE21A5111965641', 0.00, 0.00, 0.00, 0.00, false, 'approve', NULL, 'approved', NULL, '98b6614d-abae-4442-860f-cfc51ff31769', 1, 'i', 'test', '2015-03-23 14:55:42.027');
INSERT INTO application (id, nr, agent_id, contact_person_id, lodging_datetime, expected_completion_date, assignee_id, assigned_datetime, location, services_fee, tax, total_fee, total_amount_paid, fee_paid, action_code, action_notes, status_code, receipt_reference, rowidentifier, rowversion, change_action, change_user, change_time) VALUES ('21b9b9d1-8ab7-4e0f-bcdf-cacc77baa031', 'SR-15030004', NULL, '8178e396-6970-476b-906b-ee356b67c285', '2015-03-20 01:37:30.404', '2015-06-18', 'test-id', '2015-03-20 01:37:53.895', '010400002091080000010000000101000000E93D9D506B603B41F830612E14965641', 0.00, 0.00, 0.00, 0.00, false, 'approve', NULL, 'approved', NULL, 'a515a1c2-b90e-42a5-a485-28cf18898454', 1, 'i', 'test', '2015-03-23 14:55:42.037');
INSERT INTO application (id, nr, agent_id, contact_person_id, lodging_datetime, expected_completion_date, assignee_id, assigned_datetime, location, services_fee, tax, total_fee, total_amount_paid, fee_paid, action_code, action_notes, status_code, receipt_reference, rowidentifier, rowversion, change_action, change_user, change_time) VALUES ('490a3140-3907-4495-93fa-26b7fae0ef9e', 'SR-15030002', NULL, 'b278ecb7-ec81-4385-82e8-53848608a81e', '2015-03-20 00:51:01.78', '2015-04-19', 'test-id', '2015-03-20 00:51:12.794', NULL, 0.00, 0.00, 0.00, 0.00, false, 'approve', NULL, 'approved', NULL, '56908d9b-c963-4f58-a057-ad73ed85e686', 1, 'i', 'test', '2015-03-23 14:55:42.037');
INSERT INTO application (id, nr, agent_id, contact_person_id, lodging_datetime, expected_completion_date, assignee_id, assigned_datetime, location, services_fee, tax, total_fee, total_amount_paid, fee_paid, action_code, action_notes, status_code, receipt_reference, rowidentifier, rowversion, change_action, change_user, change_time) VALUES ('20f215e6-2362-421a-a0be-97eee51a1ddb', 'SR-15030013', NULL, '51f13f8c-bce0-416a-9ed0-fc81b642391a', '2015-03-20 08:43:11.663', '2015-06-18', 'test-id', '2015-03-20 08:43:33.758', '01040000209108000001000000010100000041A6602C1B613B41893B84650F965641', 0.00, 0.00, 0.00, 0.00, false, 'approve', NULL, 'approved', NULL, '66239ca1-5a44-48cc-a482-ed6694b61d6c', 1, 'i', 'test', '2015-03-23 14:55:42.037');
INSERT INTO application (id, nr, agent_id, contact_person_id, lodging_datetime, expected_completion_date, assignee_id, assigned_datetime, location, services_fee, tax, total_fee, total_amount_paid, fee_paid, action_code, action_notes, status_code, receipt_reference, rowidentifier, rowversion, change_action, change_user, change_time) VALUES ('15a6efbc-77e2-40be-823e-16b72ffd137a', 'SR-15030017', NULL, '418f43b2-d8ce-4e07-ae82-f867e1e1829c', '2015-03-20 09:01:50.532', '2015-06-18', 'test-id', '2015-03-20 09:02:01.611', '01040000209108000001000000010100000027896C43D9613B413FC19536FA955641', 0.00, 0.00, 0.00, 0.00, false, 'approve', NULL, 'approved', NULL, '92cbaaa9-5e01-40c7-ab60-09863d5b54af', 1, 'i', 'test', '2015-03-23 14:55:42.037');
INSERT INTO application (id, nr, agent_id, contact_person_id, lodging_datetime, expected_completion_date, assignee_id, assigned_datetime, location, services_fee, tax, total_fee, total_amount_paid, fee_paid, action_code, action_notes, status_code, receipt_reference, rowidentifier, rowversion, change_action, change_user, change_time) VALUES ('5b18b67d-e724-48ac-9b3a-12c7cd1a9657', 'SR-15030003', NULL, 'e438fb95-34d1-4b83-ab3f-be85dbb84851', '2015-03-20 01:18:38.915', '2015-04-19', 'test-id', '2015-03-20 01:18:48.042', NULL, 0.00, 0.00, 0.00, 0.00, false, 'approve', NULL, 'approved', NULL, 'ba1f0f47-342e-46a3-a0b5-bbcbf7e39c06', 1, 'i', 'test', '2015-03-23 14:55:42.037');
INSERT INTO application (id, nr, agent_id, contact_person_id, lodging_datetime, expected_completion_date, assignee_id, assigned_datetime, location, services_fee, tax, total_fee, total_amount_paid, fee_paid, action_code, action_notes, status_code, receipt_reference, rowidentifier, rowversion, change_action, change_user, change_time) VALUES ('0283bc32-040e-4e1b-9f08-cd2d32a2b111', 'SR-15030021', NULL, '40d3253a-5602-4d08-a3da-373b1c4c7a28', '2015-03-20 09:15:23.817', '2015-06-18', 'test-id', '2015-03-20 09:21:53.382', '0104000020910800000100000001010000007DDF936B7B623B414A9A7F7036965641', 0.00, 0.00, 0.00, 0.00, false, 'approve', NULL, 'approved', NULL, '4c4bc854-7cdb-46b2-be3e-319f9d370ae3', 1, 'i', 'test', '2015-03-23 14:55:42.037');
INSERT INTO application (id, nr, agent_id, contact_person_id, lodging_datetime, expected_completion_date, assignee_id, assigned_datetime, location, services_fee, tax, total_fee, total_amount_paid, fee_paid, action_code, action_notes, status_code, receipt_reference, rowidentifier, rowversion, change_action, change_user, change_time) VALUES ('8e841b21-87b1-4697-9d2d-b7c3d6dcde2b', 'SR-15030025', NULL, 'd52cb511-c52c-4f56-9281-122ced000265', '2015-03-20 12:58:24.595', '2015-06-18', 'test-id', '2015-03-20 13:07:38.448', '010400002091080000010000000101000000F80D7AB720643B41AA6995BDC4965641', 0.00, 0.00, 0.00, 0.00, false, 'assign', NULL, 'lodged', NULL, 'd7a0edfb-556e-4a78-bc27-fdbd995d52e3', 1, 'i', 'test', '2015-03-23 14:55:42.047');
INSERT INTO application (id, nr, agent_id, contact_person_id, lodging_datetime, expected_completion_date, assignee_id, assigned_datetime, location, services_fee, tax, total_fee, total_amount_paid, fee_paid, action_code, action_notes, status_code, receipt_reference, rowidentifier, rowversion, change_action, change_user, change_time) VALUES ('be391b04-b7cd-4136-a27a-bca634cc1da1', 'SR-15030027', NULL, 'f4d8a35f-f9ec-4659-abb2-d54444c7df34', '2015-03-20 13:02:28.644', '2015-06-18', 'test-id', '2015-03-20 13:07:38.24', '0104000020910800000100000001010000008EE6D0C19D633B41ACD99A0B82965641', 0.00, 0.00, 0.00, 0.00, false, 'assign', NULL, 'lodged', NULL, '1b0a37aa-e61f-4731-8f12-80f2025a94b4', 1, 'i', 'test', '2015-03-23 14:55:42.047');
INSERT INTO application (id, nr, agent_id, contact_person_id, lodging_datetime, expected_completion_date, assignee_id, assigned_datetime, location, services_fee, tax, total_fee, total_amount_paid, fee_paid, action_code, action_notes, status_code, receipt_reference, rowidentifier, rowversion, change_action, change_user, change_time) VALUES ('00b1e4f3-4fa5-436b-8dde-01bd8b2530c3', 'SR-15030026', NULL, '0c01443c-db9d-4dd2-b99d-2b4262e07fd4', '2015-03-20 13:00:28.487', '2015-06-18', 'test-id', '2015-03-20 13:07:38.334', '010400002091080000010000000101000000332F13C7EE623B416349DB1F72965641', 0.00, 0.00, 0.00, 0.00, false, 'assign', NULL, 'lodged', NULL, 'b6bb3824-1314-486f-baf2-15429b9ef780', 1, 'i', 'test', '2015-03-23 14:55:42.047');
INSERT INTO application (id, nr, agent_id, contact_person_id, lodging_datetime, expected_completion_date, assignee_id, assigned_datetime, location, services_fee, tax, total_fee, total_amount_paid, fee_paid, action_code, action_notes, status_code, receipt_reference, rowidentifier, rowversion, change_action, change_user, change_time) VALUES ('202f1b4b-000a-4866-8af4-c557ba20711b', 'SR-15030024', NULL, '5079476c-7c06-4c4a-82de-e3606142a10f', '2015-03-20 09:21:37.586', '2015-06-18', 'test-id', '2015-03-20 09:21:53.04', '010400002091080000010000000101000000610BA286F65F3B419963B26C1E965641', 0.00, 0.00, 0.00, 0.00, false, 'approve', NULL, 'approved', NULL, '090d1297-7ae1-408a-a29b-0b07eb064d48', 1, 'i', 'test', '2015-03-23 14:55:42.047');
INSERT INTO application (id, nr, agent_id, contact_person_id, lodging_datetime, expected_completion_date, assignee_id, assigned_datetime, location, services_fee, tax, total_fee, total_amount_paid, fee_paid, action_code, action_notes, status_code, receipt_reference, rowidentifier, rowversion, change_action, change_user, change_time) VALUES ('6739c2a7-6647-4ecb-bdfc-b449cd1b259c', 'SR-15030023', NULL, 'e4fb0080-1ad2-4e79-af97-4ffcc54d51cf', '2015-03-20 09:19:47.946', '2015-06-18', 'test-id', '2015-03-20 09:21:53.157', '0104000020910800000100000001010000003486145A515F3B41E95C41FA3B965641', 0.00, 0.00, 0.00, 0.00, false, 'approve', NULL, 'approved', NULL, '389e75b6-cb76-48de-ac62-02d14d228a5d', 1, 'i', 'test', '2015-03-23 14:55:42.047');
INSERT INTO application (id, nr, agent_id, contact_person_id, lodging_datetime, expected_completion_date, assignee_id, assigned_datetime, location, services_fee, tax, total_fee, total_amount_paid, fee_paid, action_code, action_notes, status_code, receipt_reference, rowidentifier, rowversion, change_action, change_user, change_time) VALUES ('85f6153e-974e-46c1-a6bd-5fd450ebc330', 'SR-15030012', NULL, 'd2d98337-5e79-4da9-9346-2c58b7a19b09', '2015-03-20 02:08:08.23', '2015-06-18', 'test-id', '2015-03-20 02:09:05.018', '01040000209108000001000000010100000049D70A4A63603B41CF46037AFC955641', 0.00, 0.00, 0.00, 0.00, false, 'approve', NULL, 'approved', NULL, '5f1f3f8b-0f17-4fad-be1c-a53593b0e10a', 1, 'i', 'test', '2015-03-23 14:55:42.057');
INSERT INTO application (id, nr, agent_id, contact_person_id, lodging_datetime, expected_completion_date, assignee_id, assigned_datetime, location, services_fee, tax, total_fee, total_amount_paid, fee_paid, action_code, action_notes, status_code, receipt_reference, rowidentifier, rowversion, change_action, change_user, change_time) VALUES ('a853a949-542f-4de1-8fb6-7c94e682c09a', 'SR-15030007', NULL, 'ae82ad71-219e-4077-96c8-e7d652db7d9d', '2015-03-20 01:44:33.292', '2015-06-18', 'test-id', '2015-03-20 01:45:08.577', '01040000209108000001000000010100000067805A82B4603B41FF3A45440F965641', 0.00, 0.00, 0.00, 0.00, false, 'approve', NULL, 'approved', NULL, '94480e67-8e76-40b1-9a10-93e790ce1671', 1, 'i', 'test', '2015-03-23 14:55:42.057');
INSERT INTO application (id, nr, agent_id, contact_person_id, lodging_datetime, expected_completion_date, assignee_id, assigned_datetime, location, services_fee, tax, total_fee, total_amount_paid, fee_paid, action_code, action_notes, status_code, receipt_reference, rowidentifier, rowversion, change_action, change_user, change_time) VALUES ('c94491c1-66d3-448c-a668-40dde677e19e', 'SR-15030009', NULL, 'a8f9383f-b742-4a5f-bfab-c71ee1f8d27e', '2015-03-20 01:52:08.718', '2015-06-18', 'test-id', '2015-03-20 01:52:28.742', '01040000209108000001000000010100000059C8BA60B1603B41E678954601965641', 0.00, 0.00, 0.00, 0.00, false, 'approve', NULL, 'approved', NULL, 'd00b2522-c4e2-4e4f-999e-88234efa907e', 1, 'i', 'test', '2015-03-23 14:55:42.057');
INSERT INTO application (id, nr, agent_id, contact_person_id, lodging_datetime, expected_completion_date, assignee_id, assigned_datetime, location, services_fee, tax, total_fee, total_amount_paid, fee_paid, action_code, action_notes, status_code, receipt_reference, rowidentifier, rowversion, change_action, change_user, change_time) VALUES ('c27849a6-1e85-4787-886c-c51b2977a718', 'SR-15030018', NULL, '08106fc1-87ff-4fb7-b92c-d3a6276aa7ed', '2015-03-20 09:04:01.466', '2015-06-18', 'test-id', '2015-03-20 09:21:53.764', '01040000209108000001000000010100000055A2B4D03A623B41255286F71B965641', 0.00, 0.00, 0.00, 0.00, false, 'approve', NULL, 'approved', NULL, 'd3ad9129-0331-4cb8-b377-277f32e20d9c', 1, 'i', 'test', '2015-03-23 14:55:42.057');
INSERT INTO application (id, nr, agent_id, contact_person_id, lodging_datetime, expected_completion_date, assignee_id, assigned_datetime, location, services_fee, tax, total_fee, total_amount_paid, fee_paid, action_code, action_notes, status_code, receipt_reference, rowidentifier, rowversion, change_action, change_user, change_time) VALUES ('d6492c3d-7433-4bc0-9f4c-6d527cabc893', 'SR-15030016', NULL, 'bae2dc85-e1c0-4a5c-9774-05985be9f72e', '2015-03-20 08:58:49.261', '2015-06-18', 'test-id', '2015-03-20 08:59:02.239', '010400002091080000010000000101000000653260EBE6613B4138E9DC4B12965641', 0.00, 0.00, 0.00, 0.00, false, 'approve', NULL, 'approved', NULL, '0e1726a1-12a6-4511-ba7d-742c4a9009e0', 1, 'i', 'test', '2015-03-23 14:55:42.057');
INSERT INTO application (id, nr, agent_id, contact_person_id, lodging_datetime, expected_completion_date, assignee_id, assigned_datetime, location, services_fee, tax, total_fee, total_amount_paid, fee_paid, action_code, action_notes, status_code, receipt_reference, rowidentifier, rowversion, change_action, change_user, change_time) VALUES ('9aa2eddc-c896-4eeb-a7bb-7a8c8f6bfe36', 'SR-15030010', NULL, '20b110d8-bd05-4fe7-ba0e-3615719db6c6', '2015-03-20 01:54:16.089', '2015-06-18', 'test-id', '2015-03-20 01:54:26.661', '010400002091080000010000000101000000C7FF157BDF603B41F49644C2FE955641', 0.00, 0.00, 0.00, 0.00, false, 'approve', NULL, 'approved', NULL, 'ce58c7fb-70ce-4a91-81bd-9030673b2e0c', 1, 'i', 'test', '2015-03-23 14:55:42.067');
INSERT INTO application (id, nr, agent_id, contact_person_id, lodging_datetime, expected_completion_date, assignee_id, assigned_datetime, location, services_fee, tax, total_fee, total_amount_paid, fee_paid, action_code, action_notes, status_code, receipt_reference, rowidentifier, rowversion, change_action, change_user, change_time) VALUES ('8b3438aa-a61e-439e-b205-0c8dd3403ee5', 'SR-15030008', NULL, 'f4cf199b-cdf1-47cf-8dfc-bbefa72ac51b', '2015-03-20 01:49:18.346', '2015-06-18', 'test-id', '2015-03-20 01:49:34.439', '0104000020910800000100000001010000009BFD9F4DF0603B411C345C930C965641', 0.00, 0.00, 0.00, 0.00, false, 'approve', NULL, 'approved', NULL, 'dd96c30f-0bb2-440f-9a64-f4eecbea3afb', 1, 'i', 'test', '2015-03-23 14:55:42.067');
INSERT INTO application (id, nr, agent_id, contact_person_id, lodging_datetime, expected_completion_date, assignee_id, assigned_datetime, location, services_fee, tax, total_fee, total_amount_paid, fee_paid, action_code, action_notes, status_code, receipt_reference, rowidentifier, rowversion, change_action, change_user, change_time) VALUES ('6dc35568-aaa7-45e1-aadb-f3db4eded16e', 'SR-15030019', NULL, '6dc1491f-edcc-4e4c-84b1-df5add3d1c92', '2015-03-20 09:10:47.894', '2015-06-18', 'test-id', '2015-03-20 09:21:53.661', '01040000209108000001000000010100000036D102DB4A613B410D07A12502965641', 0.00, 0.00, 0.00, 0.00, false, 'approve', NULL, 'approved', NULL, 'cf00c4d1-1ec1-4c4b-b094-ae138eecf293', 1, 'i', 'test', '2015-03-23 14:55:42.067');
INSERT INTO application (id, nr, agent_id, contact_person_id, lodging_datetime, expected_completion_date, assignee_id, assigned_datetime, location, services_fee, tax, total_fee, total_amount_paid, fee_paid, action_code, action_notes, status_code, receipt_reference, rowidentifier, rowversion, change_action, change_user, change_time) VALUES ('40e6bf8e-f159-4c09-9194-0df47accf948', 'SR-15030015', NULL, '0d3a1d1e-6a21-4331-9afd-0546dcfd9946', '2015-03-20 08:51:18.057', '2015-06-18', 'test-id', '2015-03-20 08:51:31.306', '010400002091080000010000000101000000E4F22DABAE613B41121246F900965641', 0.00, 0.00, 0.00, 0.00, false, 'approve', NULL, 'approved', NULL, 'b3a91aae-d781-4a44-8d43-02bd22391724', 1, 'i', 'test', '2015-03-23 14:55:42.067');
INSERT INTO application (id, nr, agent_id, contact_person_id, lodging_datetime, expected_completion_date, assignee_id, assigned_datetime, location, services_fee, tax, total_fee, total_amount_paid, fee_paid, action_code, action_notes, status_code, receipt_reference, rowidentifier, rowversion, change_action, change_user, change_time) VALUES ('3df7d155-a0b8-4032-b236-5c3babfef666', 'SR-15030020', NULL, 'f05fec5a-3149-4df1-b4f7-9cd45a38be86', '2015-03-20 09:13:18.502', '2015-06-18', 'test-id', '2015-03-20 09:21:53.542', '010400002091080000010000000101000000438DDCD088613B4135020A3700965641', 0.00, 0.00, 0.00, 0.00, false, 'approve', NULL, 'approved', NULL, '6a2f483d-bae3-496b-8744-09a2e756895b', 1, 'i', 'test', '2015-03-23 14:55:42.067');
INSERT INTO application (id, nr, agent_id, contact_person_id, lodging_datetime, expected_completion_date, assignee_id, assigned_datetime, location, services_fee, tax, total_fee, total_amount_paid, fee_paid, action_code, action_notes, status_code, receipt_reference, rowidentifier, rowversion, change_action, change_user, change_time) VALUES ('363c5cab-32c8-49b9-91b9-f223a5324aa8', 'SR-15030011', NULL, 'b5ec8dcd-eb11-4bf3-8606-93d890db0155', '2015-03-20 02:02:55.438', '2015-06-18', 'test-id', '2015-03-20 02:03:05.488', '0104000020910800000100000001010000002AD5262886603B4134085E0DFE955641', 0.00, 0.00, 0.00, 0.00, false, 'approve', NULL, 'approved', NULL, 'a153d1e8-38e2-47f9-974e-4aaa7f243cba', 1, 'i', 'test', '2015-03-23 14:55:42.067');
INSERT INTO application (id, nr, agent_id, contact_person_id, lodging_datetime, expected_completion_date, assignee_id, assigned_datetime, location, services_fee, tax, total_fee, total_amount_paid, fee_paid, action_code, action_notes, status_code, receipt_reference, rowidentifier, rowversion, change_action, change_user, change_time) VALUES ('7c7a2e7c-ddfb-4ff2-890d-9f7b7e39cc4d', 'SR-15030029', NULL, 'd533e641-6e33-4618-980f-36268044646a', '2015-03-20 13:07:23.036', '2015-06-18', 'test-id', '2015-03-20 13:07:38.047', '010400002091080000010000000101000000F824BE865A633B4132A78C7B58965641', 0.00, 0.00, 0.00, 0.00, false, 'assign', NULL, 'lodged', NULL, '5a3586de-5be2-4cc9-b0b5-3a7767a29b02', 1, 'i', 'test', '2015-03-23 14:55:42.077');
INSERT INTO application (id, nr, agent_id, contact_person_id, lodging_datetime, expected_completion_date, assignee_id, assigned_datetime, location, services_fee, tax, total_fee, total_amount_paid, fee_paid, action_code, action_notes, status_code, receipt_reference, rowidentifier, rowversion, change_action, change_user, change_time) VALUES ('875e6460-c597-4147-ace6-e0fdd1f80c09', 'SR-15030028', NULL, 'ac3b8352-3548-47d5-ab96-2521a09f637c', '2015-03-20 13:05:13.238', '2015-06-18', 'test-id', '2015-03-20 13:07:38.145', '01040000209108000001000000010100000090A4354C8A633B417F3D169669965641', 0.00, 0.00, 0.00, 0.00, false, 'assign', NULL, 'lodged', NULL, 'a4d47a2a-bd9a-4c00-92b3-8103511e4e2d', 1, 'i', 'test', '2015-03-23 14:55:42.077');
INSERT INTO application (id, nr, agent_id, contact_person_id, lodging_datetime, expected_completion_date, assignee_id, assigned_datetime, location, services_fee, tax, total_fee, total_amount_paid, fee_paid, action_code, action_notes, status_code, receipt_reference, rowidentifier, rowversion, change_action, change_user, change_time) VALUES ('65d43ff2-4be7-4599-ae44-c9669f84e2f5', 'SR-15030033', NULL, 'd066b6f8-1599-42ee-bbab-7cdcf666d196', '2015-03-20 13:41:53.449', '2015-06-18', 'test-id', '2015-03-20 13:42:16.469', '0104000020910800000100000001010000004421F90E19683B4169D5904A31965641', 0.00, 0.00, 0.00, 0.00, false, 'assign', NULL, 'lodged', NULL, 'abdb018f-6caf-41db-88a5-af40d8b6271b', 1, 'i', 'test', '2015-03-23 14:55:42.077');
INSERT INTO application (id, nr, agent_id, contact_person_id, lodging_datetime, expected_completion_date, assignee_id, assigned_datetime, location, services_fee, tax, total_fee, total_amount_paid, fee_paid, action_code, action_notes, status_code, receipt_reference, rowidentifier, rowversion, change_action, change_user, change_time) VALUES ('215cf4e0-b59c-4401-a3f8-892856a3029c', 'SR-15030032', NULL, '1dcbfc0f-6a75-4e7b-8131-28d7aa6da691', '2015-03-20 13:39:13.564', '2015-06-18', 'test-id', '2015-03-20 13:42:16.591', '010400002091080000010000000101000000253C77CBCF673B41943A9A314E965641', 0.00, 0.00, 0.00, 0.00, false, 'assign', NULL, 'lodged', NULL, '1933ab86-4721-47bb-9e53-87f77d4d7d3e', 1, 'i', 'test', '2015-03-23 14:55:42.087');
INSERT INTO application (id, nr, agent_id, contact_person_id, lodging_datetime, expected_completion_date, assignee_id, assigned_datetime, location, services_fee, tax, total_fee, total_amount_paid, fee_paid, action_code, action_notes, status_code, receipt_reference, rowidentifier, rowversion, change_action, change_user, change_time) VALUES ('07b01c84-3acf-4dee-a2c1-3d8da7e912d1', 'SR-15030031', NULL, '46470820-ae72-4d62-a92c-c236ba28362f', '2015-03-20 13:36:06.25', '2015-06-18', 'test-id', '2015-03-20 13:42:16.736', '010400002091080000010000000101000000A4F2DA60D2663B419716BF833F965641', 0.00, 0.00, 0.00, 0.00, false, 'assign', NULL, 'lodged', NULL, '6cd89973-4e6e-4d71-8dd3-358beba55b33', 1, 'i', 'test', '2015-03-23 14:55:42.087');
INSERT INTO application (id, nr, agent_id, contact_person_id, lodging_datetime, expected_completion_date, assignee_id, assigned_datetime, location, services_fee, tax, total_fee, total_amount_paid, fee_paid, action_code, action_notes, status_code, receipt_reference, rowidentifier, rowversion, change_action, change_user, change_time) VALUES ('4355bd2f-aa04-41d9-9fb8-02b733acc1f9', 'SR-15030030', NULL, 'b0fc5e6e-6c00-49c6-ade1-51b8745d9dda', '2015-03-20 13:34:22.746', '2015-06-18', 'test-id', '2015-03-20 13:42:16.831', '010400002091080000010000000101000000D20212A763663B4102E9F24A64965641', 0.00, 0.00, 0.00, 0.00, false, 'assign', NULL, 'lodged', NULL, '5ef5c61e-2880-40a6-a324-8beda1c93274', 1, 'i', 'test', '2015-03-23 14:55:42.087');
INSERT INTO application (id, nr, agent_id, contact_person_id, lodging_datetime, expected_completion_date, assignee_id, assigned_datetime, location, services_fee, tax, total_fee, total_amount_paid, fee_paid, action_code, action_notes, status_code, receipt_reference, rowidentifier, rowversion, change_action, change_user, change_time) VALUES ('8f30afc4-80d1-432f-9785-0a1f1e854cc7', 'SR-15030034', NULL, '9ff5478a-ede3-49d6-a689-341d37ebe21a', '2015-03-20 14:13:24.584', '2015-06-18', NULL, NULL, '010400002091080000010000000101000000ABA579D17A663B41A0D58EDAFD955641', 0.00, 0.00, 0.00, 0.00, false, 'lodge', NULL, 'lodged', NULL, '31001bb6-15ff-48c9-949b-d96449761477', 1, 'i', 'test', '2015-03-23 14:55:42.087');
INSERT INTO application (id, nr, agent_id, contact_person_id, lodging_datetime, expected_completion_date, assignee_id, assigned_datetime, location, services_fee, tax, total_fee, total_amount_paid, fee_paid, action_code, action_notes, status_code, receipt_reference, rowidentifier, rowversion, change_action, change_user, change_time) VALUES ('1808f72f-4bbd-44e5-89a4-fbe36dae0a29', 'SR-15030035', NULL, 'edf77db2-f983-46af-8f82-258667e11124', '2015-03-20 14:15:31.624', '2015-06-18', NULL, NULL, '010400002091080000010000000101000000A10CA87D44683B4137ECBE650A965641', 0.00, 0.00, 0.00, 0.00, false, 'lodge', NULL, 'lodged', NULL, '9fb42b16-e297-4830-839d-3c060a2b70b9', 1, 'i', 'test', '2015-03-23 14:55:42.087');


ALTER TABLE application ENABLE TRIGGER ALL;

--
-- TOC entry 4046 (class 0 OID 403322)
-- Dependencies: 220
-- Data for Name: application_historic; Type: TABLE DATA; Schema: application; Owner: postgres
--

ALTER TABLE application_historic DISABLE TRIGGER ALL;

INSERT INTO application_historic (id, nr, agent_id, contact_person_id, lodging_datetime, expected_completion_date, assignee_id, assigned_datetime, location, services_fee, tax, total_fee, total_amount_paid, fee_paid, action_code, action_notes, status_code, receipt_reference, rowidentifier, rowversion, change_action, change_user, change_time, change_time_valid_until) VALUES ('1b6ecbed-a3f3-430c-af28-c8bfc3393cb8', 'SR-15030001', NULL, '069616bb-f4c1-4bcb-a7fa-cab2228aad0a', '2015-03-20 00:17:53.675', '2015-04-19', NULL, NULL, NULL, 0.00, 0.00, 0.00, 0.00, false, 'lodge', NULL, 'lodged', NULL, 'cec2d1b6-a17b-45c4-94a9-d1e997b9bbc0', 1, 'i', 'test', '2015-03-20 00:17:53.562', '2015-03-20 00:18:03.244');
INSERT INTO application_historic (id, nr, agent_id, contact_person_id, lodging_datetime, expected_completion_date, assignee_id, assigned_datetime, location, services_fee, tax, total_fee, total_amount_paid, fee_paid, action_code, action_notes, status_code, receipt_reference, rowidentifier, rowversion, change_action, change_user, change_time, change_time_valid_until) VALUES ('1b6ecbed-a3f3-430c-af28-c8bfc3393cb8', 'SR-15030001', NULL, '069616bb-f4c1-4bcb-a7fa-cab2228aad0a', '2015-03-20 00:17:53.675', '2015-04-19', 'test-id', '2015-03-20 00:18:03.247', NULL, 0.00, 0.00, 0.00, 0.00, false, 'assign', NULL, 'lodged', NULL, 'cec2d1b6-a17b-45c4-94a9-d1e997b9bbc0', 2, 'u', 'test', '2015-03-20 00:18:03.244', '2015-03-20 00:49:35.926');
INSERT INTO application_historic (id, nr, agent_id, contact_person_id, lodging_datetime, expected_completion_date, assignee_id, assigned_datetime, location, services_fee, tax, total_fee, total_amount_paid, fee_paid, action_code, action_notes, status_code, receipt_reference, rowidentifier, rowversion, change_action, change_user, change_time, change_time_valid_until) VALUES ('490a3140-3907-4495-93fa-26b7fae0ef9e', 'SR-15030002', NULL, 'b278ecb7-ec81-4385-82e8-53848608a81e', '2015-03-20 00:51:01.78', '2015-04-19', NULL, NULL, NULL, 0.00, 0.00, 0.00, 0.00, false, 'lodge', NULL, 'lodged', NULL, '56908d9b-c963-4f58-a057-ad73ed85e686', 1, 'i', 'test', '2015-03-20 00:51:01.773', '2015-03-20 00:51:12.791');
INSERT INTO application_historic (id, nr, agent_id, contact_person_id, lodging_datetime, expected_completion_date, assignee_id, assigned_datetime, location, services_fee, tax, total_fee, total_amount_paid, fee_paid, action_code, action_notes, status_code, receipt_reference, rowidentifier, rowversion, change_action, change_user, change_time, change_time_valid_until) VALUES ('490a3140-3907-4495-93fa-26b7fae0ef9e', 'SR-15030002', NULL, 'b278ecb7-ec81-4385-82e8-53848608a81e', '2015-03-20 00:51:01.78', '2015-04-19', 'test-id', '2015-03-20 00:51:12.794', NULL, 0.00, 0.00, 0.00, 0.00, false, 'assign', NULL, 'lodged', NULL, '56908d9b-c963-4f58-a057-ad73ed85e686', 2, 'u', 'test', '2015-03-20 00:51:12.791', '2015-03-20 01:16:04.464');
INSERT INTO application_historic (id, nr, agent_id, contact_person_id, lodging_datetime, expected_completion_date, assignee_id, assigned_datetime, location, services_fee, tax, total_fee, total_amount_paid, fee_paid, action_code, action_notes, status_code, receipt_reference, rowidentifier, rowversion, change_action, change_user, change_time, change_time_valid_until) VALUES ('5b18b67d-e724-48ac-9b3a-12c7cd1a9657', 'SR-15030003', NULL, 'e438fb95-34d1-4b83-ab3f-be85dbb84851', '2015-03-20 01:18:38.915', '2015-04-19', NULL, NULL, NULL, 0.00, 0.00, 0.00, 0.00, false, 'lodge', NULL, 'lodged', NULL, 'ba1f0f47-342e-46a3-a0b5-bbcbf7e39c06', 1, 'i', 'test', '2015-03-20 01:18:38.906', '2015-03-20 01:18:48.04');
INSERT INTO application_historic (id, nr, agent_id, contact_person_id, lodging_datetime, expected_completion_date, assignee_id, assigned_datetime, location, services_fee, tax, total_fee, total_amount_paid, fee_paid, action_code, action_notes, status_code, receipt_reference, rowidentifier, rowversion, change_action, change_user, change_time, change_time_valid_until) VALUES ('5b18b67d-e724-48ac-9b3a-12c7cd1a9657', 'SR-15030003', NULL, 'e438fb95-34d1-4b83-ab3f-be85dbb84851', '2015-03-20 01:18:38.915', '2015-04-19', 'test-id', '2015-03-20 01:18:48.042', NULL, 0.00, 0.00, 0.00, 0.00, false, 'assign', NULL, 'lodged', NULL, 'ba1f0f47-342e-46a3-a0b5-bbcbf7e39c06', 2, 'u', 'test', '2015-03-20 01:18:48.04', '2015-03-20 01:29:53.047');
INSERT INTO application_historic (id, nr, agent_id, contact_person_id, lodging_datetime, expected_completion_date, assignee_id, assigned_datetime, location, services_fee, tax, total_fee, total_amount_paid, fee_paid, action_code, action_notes, status_code, receipt_reference, rowidentifier, rowversion, change_action, change_user, change_time, change_time_valid_until) VALUES ('21b9b9d1-8ab7-4e0f-bcdf-cacc77baa031', 'SR-15030004', NULL, '8178e396-6970-476b-906b-ee356b67c285', '2015-03-20 01:37:30.404', '2015-06-18', NULL, NULL, '010400002091080000010000000101000000E93D9D506B603B41F830612E14965641', 0.00, 0.00, 0.00, 0.00, false, 'lodge', NULL, 'lodged', NULL, 'a515a1c2-b90e-42a5-a485-28cf18898454', 1, 'i', 'test', '2015-03-20 01:37:30.36', '2015-03-20 01:37:42.152');
INSERT INTO application_historic (id, nr, agent_id, contact_person_id, lodging_datetime, expected_completion_date, assignee_id, assigned_datetime, location, services_fee, tax, total_fee, total_amount_paid, fee_paid, action_code, action_notes, status_code, receipt_reference, rowidentifier, rowversion, change_action, change_user, change_time, change_time_valid_until) VALUES ('21b9b9d1-8ab7-4e0f-bcdf-cacc77baa031', 'SR-15030004', NULL, '8178e396-6970-476b-906b-ee356b67c285', '2015-03-20 01:37:30.404', '2015-06-18', NULL, NULL, '010400002091080000010000000101000000E93D9D506B603B41F830612E14965641', 0.00, 0.00, 0.00, 0.00, false, 'lodge', NULL, 'lodged', NULL, 'a515a1c2-b90e-42a5-a485-28cf18898454', 2, 'u', 'test', '2015-03-20 01:37:42.152', '2015-03-20 01:37:53.893');
INSERT INTO application_historic (id, nr, agent_id, contact_person_id, lodging_datetime, expected_completion_date, assignee_id, assigned_datetime, location, services_fee, tax, total_fee, total_amount_paid, fee_paid, action_code, action_notes, status_code, receipt_reference, rowidentifier, rowversion, change_action, change_user, change_time, change_time_valid_until) VALUES ('2a69de6c-bb2c-4eb4-9a0e-e7190c3efbf2', 'SR-15030005', NULL, '5a71d44b-50f3-4c32-8f74-3a8d086fa9b5', '2015-03-20 01:40:44.905', '2015-06-18', NULL, NULL, '0104000020910800000100000001010000008ED7513599603B410DE21A5111965641', 0.00, 0.00, 0.00, 0.00, false, 'lodge', NULL, 'lodged', NULL, '98b6614d-abae-4442-860f-cfc51ff31769', 1, 'i', 'test', '2015-03-20 01:40:44.897', '2015-03-20 01:40:55.965');
INSERT INTO application_historic (id, nr, agent_id, contact_person_id, lodging_datetime, expected_completion_date, assignee_id, assigned_datetime, location, services_fee, tax, total_fee, total_amount_paid, fee_paid, action_code, action_notes, status_code, receipt_reference, rowidentifier, rowversion, change_action, change_user, change_time, change_time_valid_until) VALUES ('a853a949-542f-4de1-8fb6-7c94e682c09a', 'SR-15030007', NULL, 'ae82ad71-219e-4077-96c8-e7d652db7d9d', '2015-03-20 01:44:33.292', '2015-06-18', NULL, NULL, '01040000209108000001000000010100000067805A82B4603B41FF3A45440F965641', 0.00, 0.00, 0.00, 0.00, false, 'lodge', NULL, 'lodged', NULL, '94480e67-8e76-40b1-9a10-93e790ce1671', 1, 'i', 'test', '2015-03-20 01:44:33.284', '2015-03-20 01:44:52.028');
INSERT INTO application_historic (id, nr, agent_id, contact_person_id, lodging_datetime, expected_completion_date, assignee_id, assigned_datetime, location, services_fee, tax, total_fee, total_amount_paid, fee_paid, action_code, action_notes, status_code, receipt_reference, rowidentifier, rowversion, change_action, change_user, change_time, change_time_valid_until) VALUES ('a853a949-542f-4de1-8fb6-7c94e682c09a', 'SR-15030007', NULL, 'ae82ad71-219e-4077-96c8-e7d652db7d9d', '2015-03-20 01:44:33.292', '2015-06-18', NULL, NULL, '01040000209108000001000000010100000067805A82B4603B41FF3A45440F965641', 0.00, 0.00, 0.00, 0.00, false, 'lodge', NULL, 'lodged', NULL, '94480e67-8e76-40b1-9a10-93e790ce1671', 2, 'u', 'test', '2015-03-20 01:44:52.028', '2015-03-20 01:44:58.009');
INSERT INTO application_historic (id, nr, agent_id, contact_person_id, lodging_datetime, expected_completion_date, assignee_id, assigned_datetime, location, services_fee, tax, total_fee, total_amount_paid, fee_paid, action_code, action_notes, status_code, receipt_reference, rowidentifier, rowversion, change_action, change_user, change_time, change_time_valid_until) VALUES ('a853a949-542f-4de1-8fb6-7c94e682c09a', 'SR-15030007', NULL, 'ae82ad71-219e-4077-96c8-e7d652db7d9d', '2015-03-20 01:44:33.292', '2015-06-18', NULL, NULL, '01040000209108000001000000010100000067805A82B4603B41FF3A45440F965641', 0.00, 0.00, 0.00, 0.00, false, 'lodge', NULL, 'lodged', NULL, '94480e67-8e76-40b1-9a10-93e790ce1671', 3, 'u', 'test', '2015-03-20 01:44:58.009', '2015-03-20 01:45:08.574');
INSERT INTO application_historic (id, nr, agent_id, contact_person_id, lodging_datetime, expected_completion_date, assignee_id, assigned_datetime, location, services_fee, tax, total_fee, total_amount_paid, fee_paid, action_code, action_notes, status_code, receipt_reference, rowidentifier, rowversion, change_action, change_user, change_time, change_time_valid_until) VALUES ('8b3438aa-a61e-439e-b205-0c8dd3403ee5', 'SR-15030008', NULL, 'f4cf199b-cdf1-47cf-8dfc-bbefa72ac51b', '2015-03-20 01:49:18.346', '2015-06-18', NULL, NULL, '0104000020910800000100000001010000009BFD9F4DF0603B411C345C930C965641', 0.00, 0.00, 0.00, 0.00, false, 'lodge', NULL, 'lodged', NULL, 'dd96c30f-0bb2-440f-9a64-f4eecbea3afb', 1, 'i', 'test', '2015-03-20 01:49:18.289', '2015-03-20 01:49:34.437');
INSERT INTO application_historic (id, nr, agent_id, contact_person_id, lodging_datetime, expected_completion_date, assignee_id, assigned_datetime, location, services_fee, tax, total_fee, total_amount_paid, fee_paid, action_code, action_notes, status_code, receipt_reference, rowidentifier, rowversion, change_action, change_user, change_time, change_time_valid_until) VALUES ('c94491c1-66d3-448c-a668-40dde677e19e', 'SR-15030009', NULL, 'a8f9383f-b742-4a5f-bfab-c71ee1f8d27e', '2015-03-20 01:52:08.718', '2015-06-18', NULL, NULL, '01040000209108000001000000010100000059C8BA60B1603B41E678954601965641', 0.00, 0.00, 0.00, 0.00, false, 'lodge', NULL, 'lodged', NULL, 'd00b2522-c4e2-4e4f-999e-88234efa907e', 1, 'i', 'test', '2015-03-20 01:52:08.71', '2015-03-20 01:52:15.88');
INSERT INTO application_historic (id, nr, agent_id, contact_person_id, lodging_datetime, expected_completion_date, assignee_id, assigned_datetime, location, services_fee, tax, total_fee, total_amount_paid, fee_paid, action_code, action_notes, status_code, receipt_reference, rowidentifier, rowversion, change_action, change_user, change_time, change_time_valid_until) VALUES ('c94491c1-66d3-448c-a668-40dde677e19e', 'SR-15030009', NULL, 'a8f9383f-b742-4a5f-bfab-c71ee1f8d27e', '2015-03-20 01:52:08.718', '2015-06-18', NULL, NULL, '01040000209108000001000000010100000059C8BA60B1603B41E678954601965641', 0.00, 0.00, 0.00, 0.00, false, 'lodge', NULL, 'lodged', NULL, 'd00b2522-c4e2-4e4f-999e-88234efa907e', 2, 'u', 'test', '2015-03-20 01:52:15.88', '2015-03-20 01:52:28.74');
INSERT INTO application_historic (id, nr, agent_id, contact_person_id, lodging_datetime, expected_completion_date, assignee_id, assigned_datetime, location, services_fee, tax, total_fee, total_amount_paid, fee_paid, action_code, action_notes, status_code, receipt_reference, rowidentifier, rowversion, change_action, change_user, change_time, change_time_valid_until) VALUES ('9aa2eddc-c896-4eeb-a7bb-7a8c8f6bfe36', 'SR-15030010', NULL, '20b110d8-bd05-4fe7-ba0e-3615719db6c6', '2015-03-20 01:54:16.089', '2015-06-18', NULL, NULL, '010400002091080000010000000101000000C7FF157BDF603B41F49644C2FE955641', 0.00, 0.00, 0.00, 0.00, false, 'lodge', NULL, 'lodged', NULL, 'ce58c7fb-70ce-4a91-81bd-9030673b2e0c', 1, 'i', 'test', '2015-03-20 01:54:16.085', '2015-03-20 01:54:26.659');
INSERT INTO application_historic (id, nr, agent_id, contact_person_id, lodging_datetime, expected_completion_date, assignee_id, assigned_datetime, location, services_fee, tax, total_fee, total_amount_paid, fee_paid, action_code, action_notes, status_code, receipt_reference, rowidentifier, rowversion, change_action, change_user, change_time, change_time_valid_until) VALUES ('363c5cab-32c8-49b9-91b9-f223a5324aa8', 'SR-15030011', NULL, 'b5ec8dcd-eb11-4bf3-8606-93d890db0155', '2015-03-20 02:02:55.438', '2015-06-18', NULL, NULL, '0104000020910800000100000001010000002AD5262886603B4134085E0DFE955641', 0.00, 0.00, 0.00, 0.00, false, 'lodge', NULL, 'lodged', NULL, 'a153d1e8-38e2-47f9-974e-4aaa7f243cba', 1, 'i', 'test', '2015-03-20 02:02:55.429', '2015-03-20 02:03:05.486');
INSERT INTO application_historic (id, nr, agent_id, contact_person_id, lodging_datetime, expected_completion_date, assignee_id, assigned_datetime, location, services_fee, tax, total_fee, total_amount_paid, fee_paid, action_code, action_notes, status_code, receipt_reference, rowidentifier, rowversion, change_action, change_user, change_time, change_time_valid_until) VALUES ('85f6153e-974e-46c1-a6bd-5fd450ebc330', 'SR-15030012', NULL, 'd2d98337-5e79-4da9-9346-2c58b7a19b09', '2015-03-20 02:08:08.23', '2015-06-18', NULL, NULL, NULL, 0.00, 0.00, 0.00, 0.00, false, 'lodge', NULL, 'lodged', NULL, '5f1f3f8b-0f17-4fad-be1c-a53593b0e10a', 1, 'i', 'test', '2015-03-20 02:08:08.222', '2015-03-20 02:08:47.599');
INSERT INTO application_historic (id, nr, agent_id, contact_person_id, lodging_datetime, expected_completion_date, assignee_id, assigned_datetime, location, services_fee, tax, total_fee, total_amount_paid, fee_paid, action_code, action_notes, status_code, receipt_reference, rowidentifier, rowversion, change_action, change_user, change_time, change_time_valid_until) VALUES ('85f6153e-974e-46c1-a6bd-5fd450ebc330', 'SR-15030012', NULL, 'd2d98337-5e79-4da9-9346-2c58b7a19b09', '2015-03-20 02:08:08.23', '2015-06-18', NULL, NULL, '01040000209108000001000000010100000049D70A4A63603B41CF46037AFC955641', 0.00, 0.00, 0.00, 0.00, false, 'lodge', NULL, 'lodged', NULL, '5f1f3f8b-0f17-4fad-be1c-a53593b0e10a', 2, 'u', 'test', '2015-03-20 02:08:47.599', '2015-03-20 02:08:54.103');
INSERT INTO application_historic (id, nr, agent_id, contact_person_id, lodging_datetime, expected_completion_date, assignee_id, assigned_datetime, location, services_fee, tax, total_fee, total_amount_paid, fee_paid, action_code, action_notes, status_code, receipt_reference, rowidentifier, rowversion, change_action, change_user, change_time, change_time_valid_until) VALUES ('85f6153e-974e-46c1-a6bd-5fd450ebc330', 'SR-15030012', NULL, 'd2d98337-5e79-4da9-9346-2c58b7a19b09', '2015-03-20 02:08:08.23', '2015-06-18', NULL, NULL, '01040000209108000001000000010100000049D70A4A63603B41CF46037AFC955641', 0.00, 0.00, 0.00, 0.00, false, 'lodge', NULL, 'lodged', NULL, '5f1f3f8b-0f17-4fad-be1c-a53593b0e10a', 3, 'u', 'test', '2015-03-20 02:08:54.103', '2015-03-20 02:09:05.015');
INSERT INTO application_historic (id, nr, agent_id, contact_person_id, lodging_datetime, expected_completion_date, assignee_id, assigned_datetime, location, services_fee, tax, total_fee, total_amount_paid, fee_paid, action_code, action_notes, status_code, receipt_reference, rowidentifier, rowversion, change_action, change_user, change_time, change_time_valid_until) VALUES ('20f215e6-2362-421a-a0be-97eee51a1ddb', 'SR-15030013', NULL, '51f13f8c-bce0-416a-9ed0-fc81b642391a', '2015-03-20 08:43:11.663', '2015-06-18', NULL, NULL, '01040000209108000001000000010100000041A6602C1B613B41893B84650F965641', 0.00, 0.00, 0.00, 0.00, false, 'lodge', NULL, 'lodged', NULL, '66239ca1-5a44-48cc-a482-ed6694b61d6c', 1, 'i', 'test', '2015-03-20 08:43:11.638', '2015-03-20 08:43:33.756');
INSERT INTO application_historic (id, nr, agent_id, contact_person_id, lodging_datetime, expected_completion_date, assignee_id, assigned_datetime, location, services_fee, tax, total_fee, total_amount_paid, fee_paid, action_code, action_notes, status_code, receipt_reference, rowidentifier, rowversion, change_action, change_user, change_time, change_time_valid_until) VALUES ('32c60da2-8f82-4641-84ec-04d27bc7590c', 'SR-15030014', NULL, 'be7d2c26-8a17-481e-96d5-269a87250e02', '2015-03-20 08:45:46.584', '2015-06-18', NULL, NULL, '010400002091080000010000000101000000716FAA4E0C613B418A79ADF3FD955641', 0.00, 0.00, 0.00, 0.00, false, 'lodge', NULL, 'lodged', NULL, 'e98842d3-7ff4-4bec-922b-f600e10e1011', 1, 'i', 'test', '2015-03-20 08:45:46.571', '2015-03-20 08:47:58.371');
INSERT INTO application_historic (id, nr, agent_id, contact_person_id, lodging_datetime, expected_completion_date, assignee_id, assigned_datetime, location, services_fee, tax, total_fee, total_amount_paid, fee_paid, action_code, action_notes, status_code, receipt_reference, rowidentifier, rowversion, change_action, change_user, change_time, change_time_valid_until) VALUES ('40e6bf8e-f159-4c09-9194-0df47accf948', 'SR-15030015', NULL, '0d3a1d1e-6a21-4331-9afd-0546dcfd9946', '2015-03-20 08:51:18.057', '2015-06-18', NULL, NULL, '010400002091080000010000000101000000E4F22DABAE613B41121246F900965641', 0.00, 0.00, 0.00, 0.00, false, 'lodge', NULL, 'lodged', NULL, 'b3a91aae-d781-4a44-8d43-02bd22391724', 1, 'i', 'test', '2015-03-20 08:51:18.051', '2015-03-20 08:51:31.304');
INSERT INTO application_historic (id, nr, agent_id, contact_person_id, lodging_datetime, expected_completion_date, assignee_id, assigned_datetime, location, services_fee, tax, total_fee, total_amount_paid, fee_paid, action_code, action_notes, status_code, receipt_reference, rowidentifier, rowversion, change_action, change_user, change_time, change_time_valid_until) VALUES ('d6492c3d-7433-4bc0-9f4c-6d527cabc893', 'SR-15030016', NULL, 'bae2dc85-e1c0-4a5c-9774-05985be9f72e', '2015-03-20 08:58:49.261', '2015-06-18', NULL, NULL, '010400002091080000010000000101000000653260EBE6613B4138E9DC4B12965641', 0.00, 0.00, 0.00, 0.00, false, 'lodge', NULL, 'lodged', NULL, '0e1726a1-12a6-4511-ba7d-742c4a9009e0', 1, 'i', 'test', '2015-03-20 08:58:49.243', '2015-03-20 08:59:02.236');
INSERT INTO application_historic (id, nr, agent_id, contact_person_id, lodging_datetime, expected_completion_date, assignee_id, assigned_datetime, location, services_fee, tax, total_fee, total_amount_paid, fee_paid, action_code, action_notes, status_code, receipt_reference, rowidentifier, rowversion, change_action, change_user, change_time, change_time_valid_until) VALUES ('15a6efbc-77e2-40be-823e-16b72ffd137a', 'SR-15030017', NULL, '418f43b2-d8ce-4e07-ae82-f867e1e1829c', '2015-03-20 09:01:50.532', '2015-06-18', NULL, NULL, '01040000209108000001000000010100000027896C43D9613B413FC19536FA955641', 0.00, 0.00, 0.00, 0.00, false, 'lodge', NULL, 'lodged', NULL, '92cbaaa9-5e01-40c7-ab60-09863d5b54af', 1, 'i', 'test', '2015-03-20 09:01:50.527', '2015-03-20 09:02:01.609');
INSERT INTO application_historic (id, nr, agent_id, contact_person_id, lodging_datetime, expected_completion_date, assignee_id, assigned_datetime, location, services_fee, tax, total_fee, total_amount_paid, fee_paid, action_code, action_notes, status_code, receipt_reference, rowidentifier, rowversion, change_action, change_user, change_time, change_time_valid_until) VALUES ('202f1b4b-000a-4866-8af4-c557ba20711b', 'SR-15030024', NULL, '5079476c-7c06-4c4a-82de-e3606142a10f', '2015-03-20 09:21:37.586', '2015-06-18', NULL, NULL, '010400002091080000010000000101000000610BA286F65F3B419963B26C1E965641', 0.00, 0.00, 0.00, 0.00, false, 'lodge', NULL, 'lodged', NULL, '090d1297-7ae1-408a-a29b-0b07eb064d48', 1, 'i', 'test', '2015-03-20 09:21:37.581', '2015-03-20 09:21:53.038');
INSERT INTO application_historic (id, nr, agent_id, contact_person_id, lodging_datetime, expected_completion_date, assignee_id, assigned_datetime, location, services_fee, tax, total_fee, total_amount_paid, fee_paid, action_code, action_notes, status_code, receipt_reference, rowidentifier, rowversion, change_action, change_user, change_time, change_time_valid_until) VALUES ('6739c2a7-6647-4ecb-bdfc-b449cd1b259c', 'SR-15030023', NULL, 'e4fb0080-1ad2-4e79-af97-4ffcc54d51cf', '2015-03-20 09:19:47.946', '2015-06-18', NULL, NULL, '0104000020910800000100000001010000003486145A515F3B41E95C41FA3B965641', 0.00, 0.00, 0.00, 0.00, false, 'lodge', NULL, 'lodged', NULL, '389e75b6-cb76-48de-ac62-02d14d228a5d', 1, 'i', 'test', '2015-03-20 09:19:47.94', '2015-03-20 09:21:53.154');
INSERT INTO application_historic (id, nr, agent_id, contact_person_id, lodging_datetime, expected_completion_date, assignee_id, assigned_datetime, location, services_fee, tax, total_fee, total_amount_paid, fee_paid, action_code, action_notes, status_code, receipt_reference, rowidentifier, rowversion, change_action, change_user, change_time, change_time_valid_until) VALUES ('2e2b7ec1-55c8-402a-8d9f-7ad98c3a96c6', 'SR-15030022', NULL, 'e74cd717-a93d-497c-82eb-44d12fb3ac7c', '2015-03-20 09:17:40.901', '2015-06-18', NULL, NULL, '010400002091080000010000000101000000CE259616F8613B412952D71628965641', 0.00, 0.00, 0.00, 0.00, false, 'lodge', NULL, 'lodged', NULL, 'd82ddd40-ccdb-41b1-a9f9-8d886b1c9cea', 1, 'i', 'test', '2015-03-20 09:17:40.896', '2015-03-20 09:21:53.264');
INSERT INTO application_historic (id, nr, agent_id, contact_person_id, lodging_datetime, expected_completion_date, assignee_id, assigned_datetime, location, services_fee, tax, total_fee, total_amount_paid, fee_paid, action_code, action_notes, status_code, receipt_reference, rowidentifier, rowversion, change_action, change_user, change_time, change_time_valid_until) VALUES ('0283bc32-040e-4e1b-9f08-cd2d32a2b111', 'SR-15030021', NULL, '40d3253a-5602-4d08-a3da-373b1c4c7a28', '2015-03-20 09:15:23.817', '2015-06-18', NULL, NULL, '0104000020910800000100000001010000007DDF936B7B623B414A9A7F7036965641', 0.00, 0.00, 0.00, 0.00, false, 'lodge', NULL, 'lodged', NULL, '4c4bc854-7cdb-46b2-be3e-319f9d370ae3', 1, 'i', 'test', '2015-03-20 09:15:23.811', '2015-03-20 09:21:53.379');
INSERT INTO application_historic (id, nr, agent_id, contact_person_id, lodging_datetime, expected_completion_date, assignee_id, assigned_datetime, location, services_fee, tax, total_fee, total_amount_paid, fee_paid, action_code, action_notes, status_code, receipt_reference, rowidentifier, rowversion, change_action, change_user, change_time, change_time_valid_until) VALUES ('3df7d155-a0b8-4032-b236-5c3babfef666', 'SR-15030020', NULL, 'f05fec5a-3149-4df1-b4f7-9cd45a38be86', '2015-03-20 09:13:18.502', '2015-06-18', NULL, NULL, '010400002091080000010000000101000000438DDCD088613B4135020A3700965641', 0.00, 0.00, 0.00, 0.00, false, 'lodge', NULL, 'lodged', NULL, '6a2f483d-bae3-496b-8744-09a2e756895b', 1, 'i', 'test', '2015-03-20 09:13:18.496', '2015-03-20 09:21:53.54');
INSERT INTO application_historic (id, nr, agent_id, contact_person_id, lodging_datetime, expected_completion_date, assignee_id, assigned_datetime, location, services_fee, tax, total_fee, total_amount_paid, fee_paid, action_code, action_notes, status_code, receipt_reference, rowidentifier, rowversion, change_action, change_user, change_time, change_time_valid_until) VALUES ('6dc35568-aaa7-45e1-aadb-f3db4eded16e', 'SR-15030019', NULL, '6dc1491f-edcc-4e4c-84b1-df5add3d1c92', '2015-03-20 09:10:47.894', '2015-06-18', NULL, NULL, '01040000209108000001000000010100000036D102DB4A613B410D07A12502965641', 0.00, 0.00, 0.00, 0.00, false, 'lodge', NULL, 'lodged', NULL, 'cf00c4d1-1ec1-4c4b-b094-ae138eecf293', 1, 'i', 'test', '2015-03-20 09:10:47.886', '2015-03-20 09:21:53.659');
INSERT INTO application_historic (id, nr, agent_id, contact_person_id, lodging_datetime, expected_completion_date, assignee_id, assigned_datetime, location, services_fee, tax, total_fee, total_amount_paid, fee_paid, action_code, action_notes, status_code, receipt_reference, rowidentifier, rowversion, change_action, change_user, change_time, change_time_valid_until) VALUES ('c27849a6-1e85-4787-886c-c51b2977a718', 'SR-15030018', NULL, '08106fc1-87ff-4fb7-b92c-d3a6276aa7ed', '2015-03-20 09:04:01.466', '2015-06-18', NULL, NULL, '01040000209108000001000000010100000055A2B4D03A623B41255286F71B965641', 0.00, 0.00, 0.00, 0.00, false, 'lodge', NULL, 'lodged', NULL, 'd3ad9129-0331-4cb8-b377-277f32e20d9c', 1, 'i', 'test', '2015-03-20 09:04:01.456', '2015-03-20 09:21:53.762');
INSERT INTO application_historic (id, nr, agent_id, contact_person_id, lodging_datetime, expected_completion_date, assignee_id, assigned_datetime, location, services_fee, tax, total_fee, total_amount_paid, fee_paid, action_code, action_notes, status_code, receipt_reference, rowidentifier, rowversion, change_action, change_user, change_time, change_time_valid_until) VALUES ('202f1b4b-000a-4866-8af4-c557ba20711b', 'SR-15030024', NULL, '5079476c-7c06-4c4a-82de-e3606142a10f', '2015-03-20 09:21:37.586', '2015-06-18', 'test-id', '2015-03-20 09:21:53.04', '010400002091080000010000000101000000610BA286F65F3B419963B26C1E965641', 0.00, 0.00, 0.00, 0.00, false, 'assign', NULL, 'lodged', NULL, '090d1297-7ae1-408a-a29b-0b07eb064d48', 2, 'u', 'test', '2015-03-20 09:21:53.038', '2015-03-20 11:11:25.335');
INSERT INTO application_historic (id, nr, agent_id, contact_person_id, lodging_datetime, expected_completion_date, assignee_id, assigned_datetime, location, services_fee, tax, total_fee, total_amount_paid, fee_paid, action_code, action_notes, status_code, receipt_reference, rowidentifier, rowversion, change_action, change_user, change_time, change_time_valid_until) VALUES ('6739c2a7-6647-4ecb-bdfc-b449cd1b259c', 'SR-15030023', NULL, 'e4fb0080-1ad2-4e79-af97-4ffcc54d51cf', '2015-03-20 09:19:47.946', '2015-06-18', 'test-id', '2015-03-20 09:21:53.157', '0104000020910800000100000001010000003486145A515F3B41E95C41FA3B965641', 0.00, 0.00, 0.00, 0.00, false, 'assign', NULL, 'lodged', NULL, '389e75b6-cb76-48de-ac62-02d14d228a5d', 2, 'u', 'test', '2015-03-20 09:21:53.154', '2015-03-20 12:10:44.533');
INSERT INTO application_historic (id, nr, agent_id, contact_person_id, lodging_datetime, expected_completion_date, assignee_id, assigned_datetime, location, services_fee, tax, total_fee, total_amount_paid, fee_paid, action_code, action_notes, status_code, receipt_reference, rowidentifier, rowversion, change_action, change_user, change_time, change_time_valid_until) VALUES ('6dc35568-aaa7-45e1-aadb-f3db4eded16e', 'SR-15030019', NULL, '6dc1491f-edcc-4e4c-84b1-df5add3d1c92', '2015-03-20 09:10:47.894', '2015-06-18', 'test-id', '2015-03-20 09:21:53.661', '01040000209108000001000000010100000036D102DB4A613B410D07A12502965641', 0.00, 0.00, 0.00, 0.00, false, 'assign', NULL, 'lodged', NULL, 'cf00c4d1-1ec1-4c4b-b094-ae138eecf293', 2, 'u', 'test', '2015-03-20 09:21:53.659', '2015-03-20 12:52:27.226');
INSERT INTO application_historic (id, nr, agent_id, contact_person_id, lodging_datetime, expected_completion_date, assignee_id, assigned_datetime, location, services_fee, tax, total_fee, total_amount_paid, fee_paid, action_code, action_notes, status_code, receipt_reference, rowidentifier, rowversion, change_action, change_user, change_time, change_time_valid_until) VALUES ('85f6153e-974e-46c1-a6bd-5fd450ebc330', 'SR-15030012', NULL, 'd2d98337-5e79-4da9-9346-2c58b7a19b09', '2015-03-20 02:08:08.23', '2015-06-18', 'test-id', '2015-03-20 02:09:05.018', '01040000209108000001000000010100000049D70A4A63603B41CF46037AFC955641', 0.00, 0.00, 0.00, 0.00, false, 'assign', NULL, 'lodged', NULL, '5f1f3f8b-0f17-4fad-be1c-a53593b0e10a', 4, 'u', 'test', '2015-03-20 02:09:05.015', '2015-03-20 12:52:29.702');
INSERT INTO application_historic (id, nr, agent_id, contact_person_id, lodging_datetime, expected_completion_date, assignee_id, assigned_datetime, location, services_fee, tax, total_fee, total_amount_paid, fee_paid, action_code, action_notes, status_code, receipt_reference, rowidentifier, rowversion, change_action, change_user, change_time, change_time_valid_until) VALUES ('8b3438aa-a61e-439e-b205-0c8dd3403ee5', 'SR-15030008', NULL, 'f4cf199b-cdf1-47cf-8dfc-bbefa72ac51b', '2015-03-20 01:49:18.346', '2015-06-18', 'test-id', '2015-03-20 01:49:34.439', '0104000020910800000100000001010000009BFD9F4DF0603B411C345C930C965641', 0.00, 0.00, 0.00, 0.00, false, 'assign', NULL, 'lodged', NULL, 'dd96c30f-0bb2-440f-9a64-f4eecbea3afb', 2, 'u', 'test', '2015-03-20 01:49:34.437', '2015-03-20 12:52:32.539');
INSERT INTO application_historic (id, nr, agent_id, contact_person_id, lodging_datetime, expected_completion_date, assignee_id, assigned_datetime, location, services_fee, tax, total_fee, total_amount_paid, fee_paid, action_code, action_notes, status_code, receipt_reference, rowidentifier, rowversion, change_action, change_user, change_time, change_time_valid_until) VALUES ('c27849a6-1e85-4787-886c-c51b2977a718', 'SR-15030018', NULL, '08106fc1-87ff-4fb7-b92c-d3a6276aa7ed', '2015-03-20 09:04:01.466', '2015-06-18', 'test-id', '2015-03-20 09:21:53.764', '01040000209108000001000000010100000055A2B4D03A623B41255286F71B965641', 0.00, 0.00, 0.00, 0.00, false, 'assign', NULL, 'lodged', NULL, 'd3ad9129-0331-4cb8-b377-277f32e20d9c', 2, 'u', 'test', '2015-03-20 09:21:53.762', '2015-03-20 12:52:34.471');
INSERT INTO application_historic (id, nr, agent_id, contact_person_id, lodging_datetime, expected_completion_date, assignee_id, assigned_datetime, location, services_fee, tax, total_fee, total_amount_paid, fee_paid, action_code, action_notes, status_code, receipt_reference, rowidentifier, rowversion, change_action, change_user, change_time, change_time_valid_until) VALUES ('d6492c3d-7433-4bc0-9f4c-6d527cabc893', 'SR-15030016', NULL, 'bae2dc85-e1c0-4a5c-9774-05985be9f72e', '2015-03-20 08:58:49.261', '2015-06-18', 'test-id', '2015-03-20 08:59:02.239', '010400002091080000010000000101000000653260EBE6613B4138E9DC4B12965641', 0.00, 0.00, 0.00, 0.00, false, 'assign', NULL, 'lodged', NULL, '0e1726a1-12a6-4511-ba7d-742c4a9009e0', 2, 'u', 'test', '2015-03-20 08:59:02.236', '2015-03-20 12:52:36.253');
INSERT INTO application_historic (id, nr, agent_id, contact_person_id, lodging_datetime, expected_completion_date, assignee_id, assigned_datetime, location, services_fee, tax, total_fee, total_amount_paid, fee_paid, action_code, action_notes, status_code, receipt_reference, rowidentifier, rowversion, change_action, change_user, change_time, change_time_valid_until) VALUES ('c94491c1-66d3-448c-a668-40dde677e19e', 'SR-15030009', NULL, 'a8f9383f-b742-4a5f-bfab-c71ee1f8d27e', '2015-03-20 01:52:08.718', '2015-06-18', 'test-id', '2015-03-20 01:52:28.742', '01040000209108000001000000010100000059C8BA60B1603B41E678954601965641', 0.00, 0.00, 0.00, 0.00, false, 'assign', NULL, 'lodged', NULL, 'd00b2522-c4e2-4e4f-999e-88234efa907e', 3, 'u', 'test', '2015-03-20 01:52:28.74', '2015-03-20 12:52:38.261');
INSERT INTO application_historic (id, nr, agent_id, contact_person_id, lodging_datetime, expected_completion_date, assignee_id, assigned_datetime, location, services_fee, tax, total_fee, total_amount_paid, fee_paid, action_code, action_notes, status_code, receipt_reference, rowidentifier, rowversion, change_action, change_user, change_time, change_time_valid_until) VALUES ('9aa2eddc-c896-4eeb-a7bb-7a8c8f6bfe36', 'SR-15030010', NULL, '20b110d8-bd05-4fe7-ba0e-3615719db6c6', '2015-03-20 01:54:16.089', '2015-06-18', 'test-id', '2015-03-20 01:54:26.661', '010400002091080000010000000101000000C7FF157BDF603B41F49644C2FE955641', 0.00, 0.00, 0.00, 0.00, false, 'assign', NULL, 'lodged', NULL, 'ce58c7fb-70ce-4a91-81bd-9030673b2e0c', 2, 'u', 'test', '2015-03-20 01:54:26.659', '2015-03-20 12:52:44.232');
INSERT INTO application_historic (id, nr, agent_id, contact_person_id, lodging_datetime, expected_completion_date, assignee_id, assigned_datetime, location, services_fee, tax, total_fee, total_amount_paid, fee_paid, action_code, action_notes, status_code, receipt_reference, rowidentifier, rowversion, change_action, change_user, change_time, change_time_valid_until) VALUES ('40e6bf8e-f159-4c09-9194-0df47accf948', 'SR-15030015', NULL, '0d3a1d1e-6a21-4331-9afd-0546dcfd9946', '2015-03-20 08:51:18.057', '2015-06-18', 'test-id', '2015-03-20 08:51:31.306', '010400002091080000010000000101000000E4F22DABAE613B41121246F900965641', 0.00, 0.00, 0.00, 0.00, false, 'assign', NULL, 'lodged', NULL, 'b3a91aae-d781-4a44-8d43-02bd22391724', 2, 'u', 'test', '2015-03-20 08:51:31.304', '2015-03-20 12:52:46.403');
INSERT INTO application_historic (id, nr, agent_id, contact_person_id, lodging_datetime, expected_completion_date, assignee_id, assigned_datetime, location, services_fee, tax, total_fee, total_amount_paid, fee_paid, action_code, action_notes, status_code, receipt_reference, rowidentifier, rowversion, change_action, change_user, change_time, change_time_valid_until) VALUES ('3df7d155-a0b8-4032-b236-5c3babfef666', 'SR-15030020', NULL, 'f05fec5a-3149-4df1-b4f7-9cd45a38be86', '2015-03-20 09:13:18.502', '2015-06-18', 'test-id', '2015-03-20 09:21:53.542', '010400002091080000010000000101000000438DDCD088613B4135020A3700965641', 0.00, 0.00, 0.00, 0.00, false, 'assign', NULL, 'lodged', NULL, '6a2f483d-bae3-496b-8744-09a2e756895b', 2, 'u', 'test', '2015-03-20 09:21:53.54', '2015-03-20 12:52:48.66');
INSERT INTO application_historic (id, nr, agent_id, contact_person_id, lodging_datetime, expected_completion_date, assignee_id, assigned_datetime, location, services_fee, tax, total_fee, total_amount_paid, fee_paid, action_code, action_notes, status_code, receipt_reference, rowidentifier, rowversion, change_action, change_user, change_time, change_time_valid_until) VALUES ('363c5cab-32c8-49b9-91b9-f223a5324aa8', 'SR-15030011', NULL, 'b5ec8dcd-eb11-4bf3-8606-93d890db0155', '2015-03-20 02:02:55.438', '2015-06-18', 'test-id', '2015-03-20 02:03:05.488', '0104000020910800000100000001010000002AD5262886603B4134085E0DFE955641', 0.00, 0.00, 0.00, 0.00, false, 'assign', NULL, 'lodged', NULL, 'a153d1e8-38e2-47f9-974e-4aaa7f243cba', 2, 'u', 'test', '2015-03-20 02:03:05.486', '2015-03-20 12:52:50.426');
INSERT INTO application_historic (id, nr, agent_id, contact_person_id, lodging_datetime, expected_completion_date, assignee_id, assigned_datetime, location, services_fee, tax, total_fee, total_amount_paid, fee_paid, action_code, action_notes, status_code, receipt_reference, rowidentifier, rowversion, change_action, change_user, change_time, change_time_valid_until) VALUES ('32c60da2-8f82-4641-84ec-04d27bc7590c', 'SR-15030014', NULL, 'be7d2c26-8a17-481e-96d5-269a87250e02', '2015-03-20 08:45:46.584', '2015-06-18', 'test-id', '2015-03-20 08:47:58.374', '010400002091080000010000000101000000716FAA4E0C613B418A79ADF3FD955641', 0.00, 0.00, 0.00, 0.00, false, 'assign', NULL, 'lodged', NULL, 'e98842d3-7ff4-4bec-922b-f600e10e1011', 2, 'u', 'test', '2015-03-20 08:47:58.371', '2015-03-20 12:52:52.11');
INSERT INTO application_historic (id, nr, agent_id, contact_person_id, lodging_datetime, expected_completion_date, assignee_id, assigned_datetime, location, services_fee, tax, total_fee, total_amount_paid, fee_paid, action_code, action_notes, status_code, receipt_reference, rowidentifier, rowversion, change_action, change_user, change_time, change_time_valid_until) VALUES ('2e2b7ec1-55c8-402a-8d9f-7ad98c3a96c6', 'SR-15030022', NULL, 'e74cd717-a93d-497c-82eb-44d12fb3ac7c', '2015-03-20 09:17:40.901', '2015-06-18', 'test-id', '2015-03-20 09:21:53.266', '010400002091080000010000000101000000CE259616F8613B412952D71628965641', 0.00, 0.00, 0.00, 0.00, false, 'assign', NULL, 'lodged', NULL, 'd82ddd40-ccdb-41b1-a9f9-8d886b1c9cea', 2, 'u', 'test', '2015-03-20 09:21:53.264', '2015-03-20 12:52:53.784');
INSERT INTO application_historic (id, nr, agent_id, contact_person_id, lodging_datetime, expected_completion_date, assignee_id, assigned_datetime, location, services_fee, tax, total_fee, total_amount_paid, fee_paid, action_code, action_notes, status_code, receipt_reference, rowidentifier, rowversion, change_action, change_user, change_time, change_time_valid_until) VALUES ('2a69de6c-bb2c-4eb4-9a0e-e7190c3efbf2', 'SR-15030005', NULL, '5a71d44b-50f3-4c32-8f74-3a8d086fa9b5', '2015-03-20 01:40:44.905', '2015-06-18', 'test-id', '2015-03-20 01:40:55.967', '0104000020910800000100000001010000008ED7513599603B410DE21A5111965641', 0.00, 0.00, 0.00, 0.00, false, 'assign', NULL, 'lodged', NULL, '98b6614d-abae-4442-860f-cfc51ff31769', 2, 'u', 'test', '2015-03-20 01:40:55.965', '2015-03-20 12:52:58.376');
INSERT INTO application_historic (id, nr, agent_id, contact_person_id, lodging_datetime, expected_completion_date, assignee_id, assigned_datetime, location, services_fee, tax, total_fee, total_amount_paid, fee_paid, action_code, action_notes, status_code, receipt_reference, rowidentifier, rowversion, change_action, change_user, change_time, change_time_valid_until) VALUES ('21b9b9d1-8ab7-4e0f-bcdf-cacc77baa031', 'SR-15030004', NULL, '8178e396-6970-476b-906b-ee356b67c285', '2015-03-20 01:37:30.404', '2015-06-18', 'test-id', '2015-03-20 01:37:53.895', '010400002091080000010000000101000000E93D9D506B603B41F830612E14965641', 0.00, 0.00, 0.00, 0.00, false, 'assign', NULL, 'lodged', NULL, 'a515a1c2-b90e-42a5-a485-28cf18898454', 3, 'u', 'test', '2015-03-20 01:37:53.893', '2015-03-20 12:53:00.539');
INSERT INTO application_historic (id, nr, agent_id, contact_person_id, lodging_datetime, expected_completion_date, assignee_id, assigned_datetime, location, services_fee, tax, total_fee, total_amount_paid, fee_paid, action_code, action_notes, status_code, receipt_reference, rowidentifier, rowversion, change_action, change_user, change_time, change_time_valid_until) VALUES ('20f215e6-2362-421a-a0be-97eee51a1ddb', 'SR-15030013', NULL, '51f13f8c-bce0-416a-9ed0-fc81b642391a', '2015-03-20 08:43:11.663', '2015-06-18', 'test-id', '2015-03-20 08:43:33.758', '01040000209108000001000000010100000041A6602C1B613B41893B84650F965641', 0.00, 0.00, 0.00, 0.00, false, 'assign', NULL, 'lodged', NULL, '66239ca1-5a44-48cc-a482-ed6694b61d6c', 2, 'u', 'test', '2015-03-20 08:43:33.756', '2015-03-20 12:53:02.723');
INSERT INTO application_historic (id, nr, agent_id, contact_person_id, lodging_datetime, expected_completion_date, assignee_id, assigned_datetime, location, services_fee, tax, total_fee, total_amount_paid, fee_paid, action_code, action_notes, status_code, receipt_reference, rowidentifier, rowversion, change_action, change_user, change_time, change_time_valid_until) VALUES ('15a6efbc-77e2-40be-823e-16b72ffd137a', 'SR-15030017', NULL, '418f43b2-d8ce-4e07-ae82-f867e1e1829c', '2015-03-20 09:01:50.532', '2015-06-18', 'test-id', '2015-03-20 09:02:01.611', '01040000209108000001000000010100000027896C43D9613B413FC19536FA955641', 0.00, 0.00, 0.00, 0.00, false, 'assign', NULL, 'lodged', NULL, '92cbaaa9-5e01-40c7-ab60-09863d5b54af', 2, 'u', 'test', '2015-03-20 09:02:01.609', '2015-03-20 12:53:04.98');
INSERT INTO application_historic (id, nr, agent_id, contact_person_id, lodging_datetime, expected_completion_date, assignee_id, assigned_datetime, location, services_fee, tax, total_fee, total_amount_paid, fee_paid, action_code, action_notes, status_code, receipt_reference, rowidentifier, rowversion, change_action, change_user, change_time, change_time_valid_until) VALUES ('0283bc32-040e-4e1b-9f08-cd2d32a2b111', 'SR-15030021', NULL, '40d3253a-5602-4d08-a3da-373b1c4c7a28', '2015-03-20 09:15:23.817', '2015-06-18', 'test-id', '2015-03-20 09:21:53.382', '0104000020910800000100000001010000007DDF936B7B623B414A9A7F7036965641', 0.00, 0.00, 0.00, 0.00, false, 'assign', NULL, 'lodged', NULL, '4c4bc854-7cdb-46b2-be3e-319f9d370ae3', 2, 'u', 'test', '2015-03-20 09:21:53.379', '2015-03-20 12:53:07.236');
INSERT INTO application_historic (id, nr, agent_id, contact_person_id, lodging_datetime, expected_completion_date, assignee_id, assigned_datetime, location, services_fee, tax, total_fee, total_amount_paid, fee_paid, action_code, action_notes, status_code, receipt_reference, rowidentifier, rowversion, change_action, change_user, change_time, change_time_valid_until) VALUES ('a853a949-542f-4de1-8fb6-7c94e682c09a', 'SR-15030007', NULL, 'ae82ad71-219e-4077-96c8-e7d652db7d9d', '2015-03-20 01:44:33.292', '2015-06-18', 'test-id', '2015-03-20 01:45:08.577', '01040000209108000001000000010100000067805A82B4603B41FF3A45440F965641', 0.00, 0.00, 0.00, 0.00, false, 'assign', NULL, 'lodged', NULL, '94480e67-8e76-40b1-9a10-93e790ce1671', 4, 'u', 'test', '2015-03-20 01:45:08.574', '2015-03-20 12:53:08.928');
INSERT INTO application_historic (id, nr, agent_id, contact_person_id, lodging_datetime, expected_completion_date, assignee_id, assigned_datetime, location, services_fee, tax, total_fee, total_amount_paid, fee_paid, action_code, action_notes, status_code, receipt_reference, rowidentifier, rowversion, change_action, change_user, change_time, change_time_valid_until) VALUES ('85f6153e-974e-46c1-a6bd-5fd450ebc330', 'SR-15030012', NULL, 'd2d98337-5e79-4da9-9346-2c58b7a19b09', '2015-03-20 02:08:08.23', '2015-06-18', 'test-id', '2015-03-20 02:09:05.018', '01040000209108000001000000010100000049D70A4A63603B41CF46037AFC955641', 0.00, 0.00, 0.00, 0.00, false, 'assign', NULL, 'approved', NULL, '5f1f3f8b-0f17-4fad-be1c-a53593b0e10a', 5, 'u', 'test', '2015-03-20 12:52:29.702', '2015-03-20 12:53:20.797');
INSERT INTO application_historic (id, nr, agent_id, contact_person_id, lodging_datetime, expected_completion_date, assignee_id, assigned_datetime, location, services_fee, tax, total_fee, total_amount_paid, fee_paid, action_code, action_notes, status_code, receipt_reference, rowidentifier, rowversion, change_action, change_user, change_time, change_time_valid_until) VALUES ('a853a949-542f-4de1-8fb6-7c94e682c09a', 'SR-15030007', NULL, 'ae82ad71-219e-4077-96c8-e7d652db7d9d', '2015-03-20 01:44:33.292', '2015-06-18', 'test-id', '2015-03-20 01:45:08.577', '01040000209108000001000000010100000067805A82B4603B41FF3A45440F965641', 0.00, 0.00, 0.00, 0.00, false, 'assign', NULL, 'approved', NULL, '94480e67-8e76-40b1-9a10-93e790ce1671', 5, 'u', 'test', '2015-03-20 12:53:08.928', '2015-03-20 12:53:22.304');
INSERT INTO application_historic (id, nr, agent_id, contact_person_id, lodging_datetime, expected_completion_date, assignee_id, assigned_datetime, location, services_fee, tax, total_fee, total_amount_paid, fee_paid, action_code, action_notes, status_code, receipt_reference, rowidentifier, rowversion, change_action, change_user, change_time, change_time_valid_until) VALUES ('c94491c1-66d3-448c-a668-40dde677e19e', 'SR-15030009', NULL, 'a8f9383f-b742-4a5f-bfab-c71ee1f8d27e', '2015-03-20 01:52:08.718', '2015-06-18', 'test-id', '2015-03-20 01:52:28.742', '01040000209108000001000000010100000059C8BA60B1603B41E678954601965641', 0.00, 0.00, 0.00, 0.00, false, 'assign', NULL, 'approved', NULL, 'd00b2522-c4e2-4e4f-999e-88234efa907e', 4, 'u', 'test', '2015-03-20 12:52:38.261', '2015-03-20 12:53:23.707');
INSERT INTO application_historic (id, nr, agent_id, contact_person_id, lodging_datetime, expected_completion_date, assignee_id, assigned_datetime, location, services_fee, tax, total_fee, total_amount_paid, fee_paid, action_code, action_notes, status_code, receipt_reference, rowidentifier, rowversion, change_action, change_user, change_time, change_time_valid_until) VALUES ('c27849a6-1e85-4787-886c-c51b2977a718', 'SR-15030018', NULL, '08106fc1-87ff-4fb7-b92c-d3a6276aa7ed', '2015-03-20 09:04:01.466', '2015-06-18', 'test-id', '2015-03-20 09:21:53.764', '01040000209108000001000000010100000055A2B4D03A623B41255286F71B965641', 0.00, 0.00, 0.00, 0.00, false, 'assign', NULL, 'approved', NULL, 'd3ad9129-0331-4cb8-b377-277f32e20d9c', 3, 'u', 'test', '2015-03-20 12:52:34.471', '2015-03-20 12:53:25.24');
INSERT INTO application_historic (id, nr, agent_id, contact_person_id, lodging_datetime, expected_completion_date, assignee_id, assigned_datetime, location, services_fee, tax, total_fee, total_amount_paid, fee_paid, action_code, action_notes, status_code, receipt_reference, rowidentifier, rowversion, change_action, change_user, change_time, change_time_valid_until) VALUES ('d6492c3d-7433-4bc0-9f4c-6d527cabc893', 'SR-15030016', NULL, 'bae2dc85-e1c0-4a5c-9774-05985be9f72e', '2015-03-20 08:58:49.261', '2015-06-18', 'test-id', '2015-03-20 08:59:02.239', '010400002091080000010000000101000000653260EBE6613B4138E9DC4B12965641', 0.00, 0.00, 0.00, 0.00, false, 'assign', NULL, 'approved', NULL, '0e1726a1-12a6-4511-ba7d-742c4a9009e0', 3, 'u', 'test', '2015-03-20 12:52:36.253', '2015-03-20 12:53:27.009');
INSERT INTO application_historic (id, nr, agent_id, contact_person_id, lodging_datetime, expected_completion_date, assignee_id, assigned_datetime, location, services_fee, tax, total_fee, total_amount_paid, fee_paid, action_code, action_notes, status_code, receipt_reference, rowidentifier, rowversion, change_action, change_user, change_time, change_time_valid_until) VALUES ('9aa2eddc-c896-4eeb-a7bb-7a8c8f6bfe36', 'SR-15030010', NULL, '20b110d8-bd05-4fe7-ba0e-3615719db6c6', '2015-03-20 01:54:16.089', '2015-06-18', 'test-id', '2015-03-20 01:54:26.661', '010400002091080000010000000101000000C7FF157BDF603B41F49644C2FE955641', 0.00, 0.00, 0.00, 0.00, false, 'assign', NULL, 'approved', NULL, 'ce58c7fb-70ce-4a91-81bd-9030673b2e0c', 3, 'u', 'test', '2015-03-20 12:52:44.232', '2015-03-20 12:53:28.538');
INSERT INTO application_historic (id, nr, agent_id, contact_person_id, lodging_datetime, expected_completion_date, assignee_id, assigned_datetime, location, services_fee, tax, total_fee, total_amount_paid, fee_paid, action_code, action_notes, status_code, receipt_reference, rowidentifier, rowversion, change_action, change_user, change_time, change_time_valid_until) VALUES ('8b3438aa-a61e-439e-b205-0c8dd3403ee5', 'SR-15030008', NULL, 'f4cf199b-cdf1-47cf-8dfc-bbefa72ac51b', '2015-03-20 01:49:18.346', '2015-06-18', 'test-id', '2015-03-20 01:49:34.439', '0104000020910800000100000001010000009BFD9F4DF0603B411C345C930C965641', 0.00, 0.00, 0.00, 0.00, false, 'assign', NULL, 'approved', NULL, 'dd96c30f-0bb2-440f-9a64-f4eecbea3afb', 3, 'u', 'test', '2015-03-20 12:52:32.539', '2015-03-20 12:53:29.988');
INSERT INTO application_historic (id, nr, agent_id, contact_person_id, lodging_datetime, expected_completion_date, assignee_id, assigned_datetime, location, services_fee, tax, total_fee, total_amount_paid, fee_paid, action_code, action_notes, status_code, receipt_reference, rowidentifier, rowversion, change_action, change_user, change_time, change_time_valid_until) VALUES ('6dc35568-aaa7-45e1-aadb-f3db4eded16e', 'SR-15030019', NULL, '6dc1491f-edcc-4e4c-84b1-df5add3d1c92', '2015-03-20 09:10:47.894', '2015-06-18', 'test-id', '2015-03-20 09:21:53.661', '01040000209108000001000000010100000036D102DB4A613B410D07A12502965641', 0.00, 0.00, 0.00, 0.00, false, 'assign', NULL, 'approved', NULL, 'cf00c4d1-1ec1-4c4b-b094-ae138eecf293', 3, 'u', 'test', '2015-03-20 12:52:27.226', '2015-03-20 12:53:32.005');
INSERT INTO application_historic (id, nr, agent_id, contact_person_id, lodging_datetime, expected_completion_date, assignee_id, assigned_datetime, location, services_fee, tax, total_fee, total_amount_paid, fee_paid, action_code, action_notes, status_code, receipt_reference, rowidentifier, rowversion, change_action, change_user, change_time, change_time_valid_until) VALUES ('40e6bf8e-f159-4c09-9194-0df47accf948', 'SR-15030015', NULL, '0d3a1d1e-6a21-4331-9afd-0546dcfd9946', '2015-03-20 08:51:18.057', '2015-06-18', 'test-id', '2015-03-20 08:51:31.306', '010400002091080000010000000101000000E4F22DABAE613B41121246F900965641', 0.00, 0.00, 0.00, 0.00, false, 'assign', NULL, 'approved', NULL, 'b3a91aae-d781-4a44-8d43-02bd22391724', 3, 'u', 'test', '2015-03-20 12:52:46.403', '2015-03-20 12:53:33.42');
INSERT INTO application_historic (id, nr, agent_id, contact_person_id, lodging_datetime, expected_completion_date, assignee_id, assigned_datetime, location, services_fee, tax, total_fee, total_amount_paid, fee_paid, action_code, action_notes, status_code, receipt_reference, rowidentifier, rowversion, change_action, change_user, change_time, change_time_valid_until) VALUES ('3df7d155-a0b8-4032-b236-5c3babfef666', 'SR-15030020', NULL, 'f05fec5a-3149-4df1-b4f7-9cd45a38be86', '2015-03-20 09:13:18.502', '2015-06-18', 'test-id', '2015-03-20 09:21:53.542', '010400002091080000010000000101000000438DDCD088613B4135020A3700965641', 0.00, 0.00, 0.00, 0.00, false, 'assign', NULL, 'approved', NULL, '6a2f483d-bae3-496b-8744-09a2e756895b', 3, 'u', 'test', '2015-03-20 12:52:48.66', '2015-03-20 12:53:35.059');
INSERT INTO application_historic (id, nr, agent_id, contact_person_id, lodging_datetime, expected_completion_date, assignee_id, assigned_datetime, location, services_fee, tax, total_fee, total_amount_paid, fee_paid, action_code, action_notes, status_code, receipt_reference, rowidentifier, rowversion, change_action, change_user, change_time, change_time_valid_until) VALUES ('363c5cab-32c8-49b9-91b9-f223a5324aa8', 'SR-15030011', NULL, 'b5ec8dcd-eb11-4bf3-8606-93d890db0155', '2015-03-20 02:02:55.438', '2015-06-18', 'test-id', '2015-03-20 02:03:05.488', '0104000020910800000100000001010000002AD5262886603B4134085E0DFE955641', 0.00, 0.00, 0.00, 0.00, false, 'assign', NULL, 'approved', NULL, 'a153d1e8-38e2-47f9-974e-4aaa7f243cba', 3, 'u', 'test', '2015-03-20 12:52:50.426', '2015-03-20 12:53:37.084');
INSERT INTO application_historic (id, nr, agent_id, contact_person_id, lodging_datetime, expected_completion_date, assignee_id, assigned_datetime, location, services_fee, tax, total_fee, total_amount_paid, fee_paid, action_code, action_notes, status_code, receipt_reference, rowidentifier, rowversion, change_action, change_user, change_time, change_time_valid_until) VALUES ('32c60da2-8f82-4641-84ec-04d27bc7590c', 'SR-15030014', NULL, 'be7d2c26-8a17-481e-96d5-269a87250e02', '2015-03-20 08:45:46.584', '2015-06-18', 'test-id', '2015-03-20 08:47:58.374', '010400002091080000010000000101000000716FAA4E0C613B418A79ADF3FD955641', 0.00, 0.00, 0.00, 0.00, false, 'assign', NULL, 'approved', NULL, 'e98842d3-7ff4-4bec-922b-f600e10e1011', 3, 'u', 'test', '2015-03-20 12:52:52.11', '2015-03-20 12:53:38.851');
INSERT INTO application_historic (id, nr, agent_id, contact_person_id, lodging_datetime, expected_completion_date, assignee_id, assigned_datetime, location, services_fee, tax, total_fee, total_amount_paid, fee_paid, action_code, action_notes, status_code, receipt_reference, rowidentifier, rowversion, change_action, change_user, change_time, change_time_valid_until) VALUES ('2e2b7ec1-55c8-402a-8d9f-7ad98c3a96c6', 'SR-15030022', NULL, 'e74cd717-a93d-497c-82eb-44d12fb3ac7c', '2015-03-20 09:17:40.901', '2015-06-18', 'test-id', '2015-03-20 09:21:53.266', '010400002091080000010000000101000000CE259616F8613B412952D71628965641', 0.00, 0.00, 0.00, 0.00, false, 'assign', NULL, 'approved', NULL, 'd82ddd40-ccdb-41b1-a9f9-8d886b1c9cea', 3, 'u', 'test', '2015-03-20 12:52:53.784', '2015-03-20 12:53:41.224');
INSERT INTO application_historic (id, nr, agent_id, contact_person_id, lodging_datetime, expected_completion_date, assignee_id, assigned_datetime, location, services_fee, tax, total_fee, total_amount_paid, fee_paid, action_code, action_notes, status_code, receipt_reference, rowidentifier, rowversion, change_action, change_user, change_time, change_time_valid_until) VALUES ('2a69de6c-bb2c-4eb4-9a0e-e7190c3efbf2', 'SR-15030005', NULL, '5a71d44b-50f3-4c32-8f74-3a8d086fa9b5', '2015-03-20 01:40:44.905', '2015-06-18', 'test-id', '2015-03-20 01:40:55.967', '0104000020910800000100000001010000008ED7513599603B410DE21A5111965641', 0.00, 0.00, 0.00, 0.00, false, 'assign', NULL, 'approved', NULL, '98b6614d-abae-4442-860f-cfc51ff31769', 3, 'u', 'test', '2015-03-20 12:52:58.376', '2015-03-20 12:53:42.794');
INSERT INTO application_historic (id, nr, agent_id, contact_person_id, lodging_datetime, expected_completion_date, assignee_id, assigned_datetime, location, services_fee, tax, total_fee, total_amount_paid, fee_paid, action_code, action_notes, status_code, receipt_reference, rowidentifier, rowversion, change_action, change_user, change_time, change_time_valid_until) VALUES ('21b9b9d1-8ab7-4e0f-bcdf-cacc77baa031', 'SR-15030004', NULL, '8178e396-6970-476b-906b-ee356b67c285', '2015-03-20 01:37:30.404', '2015-06-18', 'test-id', '2015-03-20 01:37:53.895', '010400002091080000010000000101000000E93D9D506B603B41F830612E14965641', 0.00, 0.00, 0.00, 0.00, false, 'assign', NULL, 'approved', NULL, 'a515a1c2-b90e-42a5-a485-28cf18898454', 4, 'u', 'test', '2015-03-20 12:53:00.539', '2015-03-20 12:53:44.574');
INSERT INTO application_historic (id, nr, agent_id, contact_person_id, lodging_datetime, expected_completion_date, assignee_id, assigned_datetime, location, services_fee, tax, total_fee, total_amount_paid, fee_paid, action_code, action_notes, status_code, receipt_reference, rowidentifier, rowversion, change_action, change_user, change_time, change_time_valid_until) VALUES ('20f215e6-2362-421a-a0be-97eee51a1ddb', 'SR-15030013', NULL, '51f13f8c-bce0-416a-9ed0-fc81b642391a', '2015-03-20 08:43:11.663', '2015-06-18', 'test-id', '2015-03-20 08:43:33.758', '01040000209108000001000000010100000041A6602C1B613B41893B84650F965641', 0.00, 0.00, 0.00, 0.00, false, 'assign', NULL, 'approved', NULL, '66239ca1-5a44-48cc-a482-ed6694b61d6c', 3, 'u', 'test', '2015-03-20 12:53:02.723', '2015-03-20 12:53:46.343');
INSERT INTO application_historic (id, nr, agent_id, contact_person_id, lodging_datetime, expected_completion_date, assignee_id, assigned_datetime, location, services_fee, tax, total_fee, total_amount_paid, fee_paid, action_code, action_notes, status_code, receipt_reference, rowidentifier, rowversion, change_action, change_user, change_time, change_time_valid_until) VALUES ('15a6efbc-77e2-40be-823e-16b72ffd137a', 'SR-15030017', NULL, '418f43b2-d8ce-4e07-ae82-f867e1e1829c', '2015-03-20 09:01:50.532', '2015-06-18', 'test-id', '2015-03-20 09:02:01.611', '01040000209108000001000000010100000027896C43D9613B413FC19536FA955641', 0.00, 0.00, 0.00, 0.00, false, 'assign', NULL, 'approved', NULL, '92cbaaa9-5e01-40c7-ab60-09863d5b54af', 3, 'u', 'test', '2015-03-20 12:53:04.98', '2015-03-20 12:53:48.684');
INSERT INTO application_historic (id, nr, agent_id, contact_person_id, lodging_datetime, expected_completion_date, assignee_id, assigned_datetime, location, services_fee, tax, total_fee, total_amount_paid, fee_paid, action_code, action_notes, status_code, receipt_reference, rowidentifier, rowversion, change_action, change_user, change_time, change_time_valid_until) VALUES ('0283bc32-040e-4e1b-9f08-cd2d32a2b111', 'SR-15030021', NULL, '40d3253a-5602-4d08-a3da-373b1c4c7a28', '2015-03-20 09:15:23.817', '2015-06-18', 'test-id', '2015-03-20 09:21:53.382', '0104000020910800000100000001010000007DDF936B7B623B414A9A7F7036965641', 0.00, 0.00, 0.00, 0.00, false, 'assign', NULL, 'approved', NULL, '4c4bc854-7cdb-46b2-be3e-319f9d370ae3', 3, 'u', 'test', '2015-03-20 12:53:07.236', '2015-03-20 12:53:52.693');
INSERT INTO application_historic (id, nr, agent_id, contact_person_id, lodging_datetime, expected_completion_date, assignee_id, assigned_datetime, location, services_fee, tax, total_fee, total_amount_paid, fee_paid, action_code, action_notes, status_code, receipt_reference, rowidentifier, rowversion, change_action, change_user, change_time, change_time_valid_until) VALUES ('8e841b21-87b1-4697-9d2d-b7c3d6dcde2b', 'SR-15030025', NULL, 'd52cb511-c52c-4f56-9281-122ced000265', '2015-03-20 12:58:24.595', '2015-06-18', NULL, NULL, '010400002091080000010000000101000000F80D7AB720643B41AA6995BDC4965641', 0.00, 0.00, 0.00, 0.00, false, 'lodge', NULL, 'lodged', NULL, 'd7a0edfb-556e-4a78-bc27-fdbd995d52e3', 1, 'i', 'test', '2015-03-20 12:58:24.54', '2015-03-20 12:58:33.01');
INSERT INTO application_historic (id, nr, agent_id, contact_person_id, lodging_datetime, expected_completion_date, assignee_id, assigned_datetime, location, services_fee, tax, total_fee, total_amount_paid, fee_paid, action_code, action_notes, status_code, receipt_reference, rowidentifier, rowversion, change_action, change_user, change_time, change_time_valid_until) VALUES ('8e841b21-87b1-4697-9d2d-b7c3d6dcde2b', 'SR-15030025', NULL, 'd52cb511-c52c-4f56-9281-122ced000265', '2015-03-20 12:58:24.595', '2015-06-18', NULL, NULL, '010400002091080000010000000101000000F80D7AB720643B41AA6995BDC4965641', 0.00, 0.00, 0.00, 0.00, false, 'lodge', NULL, 'lodged', NULL, 'd7a0edfb-556e-4a78-bc27-fdbd995d52e3', 2, 'u', 'test', '2015-03-20 12:58:33.01', '2015-03-20 12:58:38.608');
INSERT INTO application_historic (id, nr, agent_id, contact_person_id, lodging_datetime, expected_completion_date, assignee_id, assigned_datetime, location, services_fee, tax, total_fee, total_amount_paid, fee_paid, action_code, action_notes, status_code, receipt_reference, rowidentifier, rowversion, change_action, change_user, change_time, change_time_valid_until) VALUES ('00b1e4f3-4fa5-436b-8dde-01bd8b2530c3', 'SR-15030026', NULL, '0c01443c-db9d-4dd2-b99d-2b4262e07fd4', '2015-03-20 13:00:28.487', '2015-06-18', NULL, NULL, '010400002091080000010000000101000000332F13C7EE623B416349DB1F72965641', 0.00, 0.00, 0.00, 0.00, false, 'lodge', NULL, 'lodged', NULL, 'b6bb3824-1314-486f-baf2-15429b9ef780', 1, 'i', 'test', '2015-03-20 13:00:28.481', '2015-03-20 13:00:33.144');
INSERT INTO application_historic (id, nr, agent_id, contact_person_id, lodging_datetime, expected_completion_date, assignee_id, assigned_datetime, location, services_fee, tax, total_fee, total_amount_paid, fee_paid, action_code, action_notes, status_code, receipt_reference, rowidentifier, rowversion, change_action, change_user, change_time, change_time_valid_until) VALUES ('00b1e4f3-4fa5-436b-8dde-01bd8b2530c3', 'SR-15030026', NULL, '0c01443c-db9d-4dd2-b99d-2b4262e07fd4', '2015-03-20 13:00:28.487', '2015-06-18', NULL, NULL, '010400002091080000010000000101000000332F13C7EE623B416349DB1F72965641', 0.00, 0.00, 0.00, 0.00, false, 'lodge', NULL, 'lodged', NULL, 'b6bb3824-1314-486f-baf2-15429b9ef780', 2, 'u', 'test', '2015-03-20 13:00:33.144', '2015-03-20 13:00:34.718');
INSERT INTO application_historic (id, nr, agent_id, contact_person_id, lodging_datetime, expected_completion_date, assignee_id, assigned_datetime, location, services_fee, tax, total_fee, total_amount_paid, fee_paid, action_code, action_notes, status_code, receipt_reference, rowidentifier, rowversion, change_action, change_user, change_time, change_time_valid_until) VALUES ('00b1e4f3-4fa5-436b-8dde-01bd8b2530c3', 'SR-15030026', NULL, '0c01443c-db9d-4dd2-b99d-2b4262e07fd4', '2015-03-20 13:00:28.487', '2015-06-18', NULL, NULL, '010400002091080000010000000101000000332F13C7EE623B416349DB1F72965641', 0.00, 0.00, 0.00, 0.00, false, 'lodge', NULL, 'lodged', NULL, 'b6bb3824-1314-486f-baf2-15429b9ef780', 3, 'u', 'test', '2015-03-20 13:00:34.718', '2015-03-20 13:00:40.093');
INSERT INTO application_historic (id, nr, agent_id, contact_person_id, lodging_datetime, expected_completion_date, assignee_id, assigned_datetime, location, services_fee, tax, total_fee, total_amount_paid, fee_paid, action_code, action_notes, status_code, receipt_reference, rowidentifier, rowversion, change_action, change_user, change_time, change_time_valid_until) VALUES ('875e6460-c597-4147-ace6-e0fdd1f80c09', 'SR-15030028', NULL, 'ac3b8352-3548-47d5-ab96-2521a09f637c', '2015-03-20 13:05:13.238', '2015-06-18', NULL, NULL, '01040000209108000001000000010100000090A4354C8A633B417F3D169669965641', 0.00, 0.00, 0.00, 0.00, false, 'lodge', NULL, 'lodged', NULL, 'a4d47a2a-bd9a-4c00-92b3-8103511e4e2d', 1, 'i', 'test', '2015-03-20 13:05:13.23', '2015-03-20 13:05:19.614');
INSERT INTO application_historic (id, nr, agent_id, contact_person_id, lodging_datetime, expected_completion_date, assignee_id, assigned_datetime, location, services_fee, tax, total_fee, total_amount_paid, fee_paid, action_code, action_notes, status_code, receipt_reference, rowidentifier, rowversion, change_action, change_user, change_time, change_time_valid_until) VALUES ('7c7a2e7c-ddfb-4ff2-890d-9f7b7e39cc4d', 'SR-15030029', NULL, 'd533e641-6e33-4618-980f-36268044646a', '2015-03-20 13:07:23.036', '2015-06-18', NULL, NULL, '010400002091080000010000000101000000F824BE865A633B4132A78C7B58965641', 0.00, 0.00, 0.00, 0.00, false, 'lodge', NULL, 'lodged', NULL, '5a3586de-5be2-4cc9-b0b5-3a7767a29b02', 1, 'i', 'test', '2015-03-20 13:07:23.03', '2015-03-20 13:07:38.045');
INSERT INTO application_historic (id, nr, agent_id, contact_person_id, lodging_datetime, expected_completion_date, assignee_id, assigned_datetime, location, services_fee, tax, total_fee, total_amount_paid, fee_paid, action_code, action_notes, status_code, receipt_reference, rowidentifier, rowversion, change_action, change_user, change_time, change_time_valid_until) VALUES ('875e6460-c597-4147-ace6-e0fdd1f80c09', 'SR-15030028', NULL, 'ac3b8352-3548-47d5-ab96-2521a09f637c', '2015-03-20 13:05:13.238', '2015-06-18', NULL, NULL, '01040000209108000001000000010100000090A4354C8A633B417F3D169669965641', 0.00, 0.00, 0.00, 0.00, false, 'lodge', NULL, 'lodged', NULL, 'a4d47a2a-bd9a-4c00-92b3-8103511e4e2d', 2, 'u', 'test', '2015-03-20 13:05:19.614', '2015-03-20 13:07:38.143');
INSERT INTO application_historic (id, nr, agent_id, contact_person_id, lodging_datetime, expected_completion_date, assignee_id, assigned_datetime, location, services_fee, tax, total_fee, total_amount_paid, fee_paid, action_code, action_notes, status_code, receipt_reference, rowidentifier, rowversion, change_action, change_user, change_time, change_time_valid_until) VALUES ('be391b04-b7cd-4136-a27a-bca634cc1da1', 'SR-15030027', NULL, 'f4d8a35f-f9ec-4659-abb2-d54444c7df34', '2015-03-20 13:02:28.644', '2015-06-18', NULL, NULL, '0104000020910800000100000001010000008EE6D0C19D633B41ACD99A0B82965641', 0.00, 0.00, 0.00, 0.00, false, 'lodge', NULL, 'lodged', NULL, '1b0a37aa-e61f-4731-8f12-80f2025a94b4', 1, 'i', 'test', '2015-03-20 13:02:28.636', '2015-03-20 13:07:38.237');
INSERT INTO application_historic (id, nr, agent_id, contact_person_id, lodging_datetime, expected_completion_date, assignee_id, assigned_datetime, location, services_fee, tax, total_fee, total_amount_paid, fee_paid, action_code, action_notes, status_code, receipt_reference, rowidentifier, rowversion, change_action, change_user, change_time, change_time_valid_until) VALUES ('00b1e4f3-4fa5-436b-8dde-01bd8b2530c3', 'SR-15030026', NULL, '0c01443c-db9d-4dd2-b99d-2b4262e07fd4', '2015-03-20 13:00:28.487', '2015-06-18', NULL, NULL, '010400002091080000010000000101000000332F13C7EE623B416349DB1F72965641', 0.00, 0.00, 0.00, 0.00, false, 'lodge', NULL, 'lodged', NULL, 'b6bb3824-1314-486f-baf2-15429b9ef780', 4, 'u', 'test', '2015-03-20 13:00:40.093', '2015-03-20 13:07:38.331');
INSERT INTO application_historic (id, nr, agent_id, contact_person_id, lodging_datetime, expected_completion_date, assignee_id, assigned_datetime, location, services_fee, tax, total_fee, total_amount_paid, fee_paid, action_code, action_notes, status_code, receipt_reference, rowidentifier, rowversion, change_action, change_user, change_time, change_time_valid_until) VALUES ('8e841b21-87b1-4697-9d2d-b7c3d6dcde2b', 'SR-15030025', NULL, 'd52cb511-c52c-4f56-9281-122ced000265', '2015-03-20 12:58:24.595', '2015-06-18', NULL, NULL, '010400002091080000010000000101000000F80D7AB720643B41AA6995BDC4965641', 0.00, 0.00, 0.00, 0.00, false, 'lodge', NULL, 'lodged', NULL, 'd7a0edfb-556e-4a78-bc27-fdbd995d52e3', 3, 'u', 'test', '2015-03-20 12:58:38.608', '2015-03-20 13:07:38.445');
INSERT INTO application_historic (id, nr, agent_id, contact_person_id, lodging_datetime, expected_completion_date, assignee_id, assigned_datetime, location, services_fee, tax, total_fee, total_amount_paid, fee_paid, action_code, action_notes, status_code, receipt_reference, rowidentifier, rowversion, change_action, change_user, change_time, change_time_valid_until) VALUES ('65d43ff2-4be7-4599-ae44-c9669f84e2f5', 'SR-15030033', NULL, 'd066b6f8-1599-42ee-bbab-7cdcf666d196', '2015-03-20 13:41:53.449', '2015-06-18', NULL, NULL, '0104000020910800000100000001010000004421F90E19683B4169D5904A31965641', 0.00, 0.00, 0.00, 0.00, false, 'lodge', NULL, 'lodged', NULL, 'abdb018f-6caf-41db-88a5-af40d8b6271b', 1, 'i', 'test', '2015-03-20 13:41:53.431', '2015-03-20 13:42:16.467');
INSERT INTO application_historic (id, nr, agent_id, contact_person_id, lodging_datetime, expected_completion_date, assignee_id, assigned_datetime, location, services_fee, tax, total_fee, total_amount_paid, fee_paid, action_code, action_notes, status_code, receipt_reference, rowidentifier, rowversion, change_action, change_user, change_time, change_time_valid_until) VALUES ('215cf4e0-b59c-4401-a3f8-892856a3029c', 'SR-15030032', NULL, '1dcbfc0f-6a75-4e7b-8131-28d7aa6da691', '2015-03-20 13:39:13.564', '2015-06-18', NULL, NULL, '010400002091080000010000000101000000253C77CBCF673B41943A9A314E965641', 0.00, 0.00, 0.00, 0.00, false, 'lodge', NULL, 'lodged', NULL, '1933ab86-4721-47bb-9e53-87f77d4d7d3e', 1, 'i', 'test', '2015-03-20 13:39:13.479', '2015-03-20 13:42:16.589');
INSERT INTO application_historic (id, nr, agent_id, contact_person_id, lodging_datetime, expected_completion_date, assignee_id, assigned_datetime, location, services_fee, tax, total_fee, total_amount_paid, fee_paid, action_code, action_notes, status_code, receipt_reference, rowidentifier, rowversion, change_action, change_user, change_time, change_time_valid_until) VALUES ('07b01c84-3acf-4dee-a2c1-3d8da7e912d1', 'SR-15030031', NULL, '46470820-ae72-4d62-a92c-c236ba28362f', '2015-03-20 13:36:06.25', '2015-06-18', NULL, NULL, '010400002091080000010000000101000000A4F2DA60D2663B419716BF833F965641', 0.00, 0.00, 0.00, 0.00, false, 'lodge', NULL, 'lodged', NULL, '6cd89973-4e6e-4d71-8dd3-358beba55b33', 1, 'i', 'test', '2015-03-20 13:36:06.246', '2015-03-20 13:42:16.734');
INSERT INTO application_historic (id, nr, agent_id, contact_person_id, lodging_datetime, expected_completion_date, assignee_id, assigned_datetime, location, services_fee, tax, total_fee, total_amount_paid, fee_paid, action_code, action_notes, status_code, receipt_reference, rowidentifier, rowversion, change_action, change_user, change_time, change_time_valid_until) VALUES ('4355bd2f-aa04-41d9-9fb8-02b733acc1f9', 'SR-15030030', NULL, 'b0fc5e6e-6c00-49c6-ade1-51b8745d9dda', '2015-03-20 13:34:22.746', '2015-06-18', NULL, NULL, '010400002091080000010000000101000000D20212A763663B4102E9F24A64965641', 0.00, 0.00, 0.00, 0.00, false, 'lodge', NULL, 'lodged', NULL, '5ef5c61e-2880-40a6-a324-8beda1c93274', 1, 'i', 'test', '2015-03-20 13:34:22.697', '2015-03-20 13:42:16.828');


ALTER TABLE application_historic ENABLE TRIGGER ALL;

--
-- TOC entry 4065 (class 0 OID 0)
-- Dependencies: 204
-- Name: application_nr_seq; Type: SEQUENCE SET; Schema: application; Owner: postgres
--

SELECT pg_catalog.setval('application_nr_seq', 35, true);


--
-- TOC entry 4054 (class 0 OID 404422)
-- Dependencies: 318
-- Data for Name: application_property; Type: TABLE DATA; Schema: application; Owner: postgres
--

ALTER TABLE application_property DISABLE TRIGGER ALL;

INSERT INTO application_property (id, application_id, name_firstpart, area, total_value, verified_exists, verified_location, ba_unit_id, land_use_code, rowidentifier, rowversion, change_action, change_user, change_time, name_lastpart) VALUES ('10480f75-89c8-48fe-bc5b-435a662edcda', '21b9b9d1-8ab7-4e0f-bcdf-cacc77baa031', '1', 0.00, 0.00, false, false, NULL, NULL, '0fe3729e-9551-48b9-b853-5e3d8b36af1c', 1, 'i', 'test', '2015-03-23 14:55:42.277', 'Ponui/NW1/WR1');
INSERT INTO application_property (id, application_id, name_firstpart, area, total_value, verified_exists, verified_location, ba_unit_id, land_use_code, rowidentifier, rowversion, change_action, change_user, change_time, name_lastpart) VALUES ('7019a7f6-b732-4cfa-a823-21404f32cc6b', '2a69de6c-bb2c-4eb4-9a0e-e7190c3efbf2', '2', 0.00, 0.00, false, false, NULL, NULL, '5f138987-3006-4cf0-874b-3b8b64c76766', 1, 'i', 'test', '2015-03-23 14:55:42.297', 'Ponui/NW1/WR1');
INSERT INTO application_property (id, application_id, name_firstpart, area, total_value, verified_exists, verified_location, ba_unit_id, land_use_code, rowidentifier, rowversion, change_action, change_user, change_time, name_lastpart) VALUES ('e5dfaa1e-7a16-4b44-91a8-fe1b283accbb', 'a853a949-542f-4de1-8fb6-7c94e682c09a', '3', 0.00, 0.00, false, false, NULL, NULL, '27b3bad3-8c8c-43cd-bd99-a0a1b9b108c6', 1, 'i', 'test', '2015-03-23 14:55:42.297', 'Ponui/NW1/WR1');
INSERT INTO application_property (id, application_id, name_firstpart, area, total_value, verified_exists, verified_location, ba_unit_id, land_use_code, rowidentifier, rowversion, change_action, change_user, change_time, name_lastpart) VALUES ('277fa2cc-94d9-495c-a779-4aba065ec69c', '8b3438aa-a61e-439e-b205-0c8dd3403ee5', '4', 0.00, 0.00, false, false, NULL, NULL, 'b0eb3eb4-b3d2-4356-a6dc-f1296eb41072', 1, 'i', 'test', '2015-03-23 14:55:42.307', 'Ponui/NW1/WR1');
INSERT INTO application_property (id, application_id, name_firstpart, area, total_value, verified_exists, verified_location, ba_unit_id, land_use_code, rowidentifier, rowversion, change_action, change_user, change_time, name_lastpart) VALUES ('ca5831df-2af8-474d-9b2a-b860a1acd542', 'c94491c1-66d3-448c-a668-40dde677e19e', '6', 0.00, 0.00, false, false, NULL, NULL, 'b470962c-b964-476c-9816-201f2d815c76', 1, 'i', 'test', '2015-03-23 14:55:42.307', 'Ponui/NW1/WR1');
INSERT INTO application_property (id, application_id, name_firstpart, area, total_value, verified_exists, verified_location, ba_unit_id, land_use_code, rowidentifier, rowversion, change_action, change_user, change_time, name_lastpart) VALUES ('ec3b842e-10e1-466f-b55b-a9249c7c3c54', '9aa2eddc-c896-4eeb-a7bb-7a8c8f6bfe36', '5', 0.00, 0.00, false, false, NULL, NULL, '645a1283-8645-45b6-8b62-4e8d8b82ced1', 1, 'i', 'test', '2015-03-23 14:55:42.307', 'Ponui/NW1/WR1');
INSERT INTO application_property (id, application_id, name_firstpart, area, total_value, verified_exists, verified_location, ba_unit_id, land_use_code, rowidentifier, rowversion, change_action, change_user, change_time, name_lastpart) VALUES ('439eaea9-e3ed-4e65-b839-290025fca842', '363c5cab-32c8-49b9-91b9-f223a5324aa8', '7', 0.00, 0.00, false, false, NULL, NULL, '13ae11ff-e7e3-4ca8-9a07-dbe994e0d14e', 1, 'i', 'test', '2015-03-23 14:55:42.307', 'Ponui/NW1/WR1');
INSERT INTO application_property (id, application_id, name_firstpart, area, total_value, verified_exists, verified_location, ba_unit_id, land_use_code, rowidentifier, rowversion, change_action, change_user, change_time, name_lastpart) VALUES ('b2ee4c56-0c00-43e2-8df9-37ef6f92c607', '85f6153e-974e-46c1-a6bd-5fd450ebc330', '8', 0.00, 0.00, false, false, NULL, NULL, 'd7c5b70d-80ae-4a4e-9832-bda41c63e3bd', 1, 'i', 'test', '2015-03-23 14:55:42.307', 'Ponui/NW1/WR1');
INSERT INTO application_property (id, application_id, name_firstpart, area, total_value, verified_exists, verified_location, ba_unit_id, land_use_code, rowidentifier, rowversion, change_action, change_user, change_time, name_lastpart) VALUES ('be83f670-f30c-43d6-a766-0ea5922b96ab', '20f215e6-2362-421a-a0be-97eee51a1ddb', '9', 0.00, 0.00, false, false, NULL, NULL, '351b9fe1-97b0-4945-a62d-91d93e6fa91c', 1, 'i', 'test', '2015-03-23 14:55:42.307', 'Ponui/NW1/WR1');
INSERT INTO application_property (id, application_id, name_firstpart, area, total_value, verified_exists, verified_location, ba_unit_id, land_use_code, rowidentifier, rowversion, change_action, change_user, change_time, name_lastpart) VALUES ('7e81ced4-348f-48e8-ac90-4cb759b28b3a', '32c60da2-8f82-4641-84ec-04d27bc7590c', '10', 0.00, 0.00, false, false, NULL, NULL, 'a1fdda8e-4767-4d70-b715-fd40441305dc', 1, 'i', 'test', '2015-03-23 14:55:42.307', 'Ponui/NW1/WR1');
INSERT INTO application_property (id, application_id, name_firstpart, area, total_value, verified_exists, verified_location, ba_unit_id, land_use_code, rowidentifier, rowversion, change_action, change_user, change_time, name_lastpart) VALUES ('235686d5-4822-4669-9687-69d77cd746c0', '40e6bf8e-f159-4c09-9194-0df47accf948', '13', 0.00, 0.00, false, false, NULL, NULL, 'c43c4c5a-101f-4236-a484-045f296084e5', 1, 'i', 'test', '2015-03-23 14:55:42.317', 'Ponui/NW1/WR1');
INSERT INTO application_property (id, application_id, name_firstpart, area, total_value, verified_exists, verified_location, ba_unit_id, land_use_code, rowidentifier, rowversion, change_action, change_user, change_time, name_lastpart) VALUES ('becd3ccf-3dbe-4cb0-9316-e548914a22eb', 'd6492c3d-7433-4bc0-9f4c-6d527cabc893', '14', 0.00, 0.00, false, false, NULL, NULL, '3d378db2-41d2-4173-b4c9-4f17aa513046', 1, 'i', 'test', '2015-03-23 14:55:42.317', 'Ponui/NW1/WR1');
INSERT INTO application_property (id, application_id, name_firstpart, area, total_value, verified_exists, verified_location, ba_unit_id, land_use_code, rowidentifier, rowversion, change_action, change_user, change_time, name_lastpart) VALUES ('6d811755-c2dd-4103-a6d7-f227460e89e2', '15a6efbc-77e2-40be-823e-16b72ffd137a', '15', 0.00, 0.00, false, false, NULL, NULL, 'b4844d9f-625e-4a73-b3de-b29dcaf0bf73', 1, 'i', 'test', '2015-03-23 14:55:42.317', 'Ponui/NW1/WR1');
INSERT INTO application_property (id, application_id, name_firstpart, area, total_value, verified_exists, verified_location, ba_unit_id, land_use_code, rowidentifier, rowversion, change_action, change_user, change_time, name_lastpart) VALUES ('79677b48-3504-458c-a1aa-398227aafcfb', 'c27849a6-1e85-4787-886c-c51b2977a718', '16', 0.00, 0.00, false, false, NULL, NULL, '03bea8fa-fef7-47e6-b033-844323870090', 1, 'i', 'test', '2015-03-23 14:55:42.317', 'Ponui/NW1/WR1');
INSERT INTO application_property (id, application_id, name_firstpart, area, total_value, verified_exists, verified_location, ba_unit_id, land_use_code, rowidentifier, rowversion, change_action, change_user, change_time, name_lastpart) VALUES ('af8d74a7-e87f-44ac-b999-af58f9ba40fa', '6dc35568-aaa7-45e1-aadb-f3db4eded16e', '17', 0.00, 0.00, false, false, NULL, NULL, '50bd64bf-6fb8-495b-8392-3e4a9dfbc0d6', 1, 'i', 'test', '2015-03-23 14:55:42.317', 'Ponui/NW1/WR1');
INSERT INTO application_property (id, application_id, name_firstpart, area, total_value, verified_exists, verified_location, ba_unit_id, land_use_code, rowidentifier, rowversion, change_action, change_user, change_time, name_lastpart) VALUES ('43713ccd-f8e7-482b-b6da-dcf261518609', '3df7d155-a0b8-4032-b236-5c3babfef666', '18', 0.00, 0.00, false, false, NULL, NULL, '7a3d0d3f-6cd4-4876-8290-2330e46310ee', 1, 'i', 'test', '2015-03-23 14:55:42.317', 'Ponui/NW1/WR1');
INSERT INTO application_property (id, application_id, name_firstpart, area, total_value, verified_exists, verified_location, ba_unit_id, land_use_code, rowidentifier, rowversion, change_action, change_user, change_time, name_lastpart) VALUES ('022b2a63-09b4-40b7-b116-7556ec4cf915', '0283bc32-040e-4e1b-9f08-cd2d32a2b111', '19', 0.00, 0.00, false, false, NULL, NULL, 'e75e960e-1206-401c-afb9-2517c60d00d6', 1, 'i', 'test', '2015-03-23 14:55:42.317', 'Ponui/NW1/WR1');
INSERT INTO application_property (id, application_id, name_firstpart, area, total_value, verified_exists, verified_location, ba_unit_id, land_use_code, rowidentifier, rowversion, change_action, change_user, change_time, name_lastpart) VALUES ('5f23d358-74e5-492d-80cb-312954454f2c', '2e2b7ec1-55c8-402a-8d9f-7ad98c3a96c6', '20', 0.00, 0.00, false, false, NULL, NULL, '316ca449-9a1a-4619-93b1-03864d2c314a', 1, 'i', 'test', '2015-03-23 14:55:42.317', 'Ponui/NW1/WR1');
INSERT INTO application_property (id, application_id, name_firstpart, area, total_value, verified_exists, verified_location, ba_unit_id, land_use_code, rowidentifier, rowversion, change_action, change_user, change_time, name_lastpart) VALUES ('249ead46-94c8-47a7-9705-ca469e5b990c', '6739c2a7-6647-4ecb-bdfc-b449cd1b259c', '21', 0.00, 0.00, false, false, NULL, NULL, '9ab7ae0d-3372-4ed6-8dfb-a8e706e44eeb', 1, 'i', 'test', '2015-03-23 14:55:42.317', 'Ponui/NW1/WR1');
INSERT INTO application_property (id, application_id, name_firstpart, area, total_value, verified_exists, verified_location, ba_unit_id, land_use_code, rowidentifier, rowversion, change_action, change_user, change_time, name_lastpart) VALUES ('94a854d5-5f80-46fe-88b4-482fe3bfb3bf', '202f1b4b-000a-4866-8af4-c557ba20711b', '22', 0.00, 0.00, false, false, NULL, NULL, '58e39f27-bc87-41b1-8f87-1c6e23a86a36', 1, 'i', 'test', '2015-03-23 14:55:42.317', 'Ponui/NW1/WR1');
INSERT INTO application_property (id, application_id, name_firstpart, area, total_value, verified_exists, verified_location, ba_unit_id, land_use_code, rowidentifier, rowversion, change_action, change_user, change_time, name_lastpart) VALUES ('871cb4f9-ff17-4427-b863-0455bfbf73ae', '8e841b21-87b1-4697-9d2d-b7c3d6dcde2b', '23', 0.00, 0.00, false, false, NULL, NULL, '7f1ebe84-795f-4f72-869e-6817bee437fc', 1, 'i', 'test', '2015-03-23 14:55:42.317', 'Ponui/NW1/WR1');
INSERT INTO application_property (id, application_id, name_firstpart, area, total_value, verified_exists, verified_location, ba_unit_id, land_use_code, rowidentifier, rowversion, change_action, change_user, change_time, name_lastpart) VALUES ('06c716b7-a28b-422d-908d-9b1bfc1a2619', '00b1e4f3-4fa5-436b-8dde-01bd8b2530c3', '24', 0.00, 0.00, false, false, NULL, NULL, 'fef12c06-e197-4afc-bcdc-b8a3fc1535ba', 1, 'i', 'test', '2015-03-23 14:55:42.327', 'Ponui/NW1/WR1');
INSERT INTO application_property (id, application_id, name_firstpart, area, total_value, verified_exists, verified_location, ba_unit_id, land_use_code, rowidentifier, rowversion, change_action, change_user, change_time, name_lastpart) VALUES ('e94f295e-dce8-4c4f-affa-d03a007f68c6', 'be391b04-b7cd-4136-a27a-bca634cc1da1', '28', 0.00, 0.00, false, false, NULL, NULL, '6730ec7d-ac6f-416f-9067-b383024c949c', 1, 'i', 'test', '2015-03-23 14:55:42.327', 'Ponui/NW1/WR1');
INSERT INTO application_property (id, application_id, name_firstpart, area, total_value, verified_exists, verified_location, ba_unit_id, land_use_code, rowidentifier, rowversion, change_action, change_user, change_time, name_lastpart) VALUES ('ac3738b2-b5c9-4d9a-aa9f-635c32b3ebf2', '875e6460-c597-4147-ace6-e0fdd1f80c09', '29', 0.00, 0.00, false, false, NULL, NULL, '6a85cca2-ed0f-481a-b57d-892a79eef755', 1, 'i', 'test', '2015-03-23 14:55:42.327', 'Ponui/NW1/WR1');
INSERT INTO application_property (id, application_id, name_firstpart, area, total_value, verified_exists, verified_location, ba_unit_id, land_use_code, rowidentifier, rowversion, change_action, change_user, change_time, name_lastpart) VALUES ('8d15a45f-807a-4dab-87b7-96c4d42d5402', '7c7a2e7c-ddfb-4ff2-890d-9f7b7e39cc4d', '30', 0.00, 0.00, false, false, NULL, NULL, '146295da-744e-4142-ba55-84ab13cfc87f', 1, 'i', 'test', '2015-03-23 14:55:42.327', 'Ponui/NW1/WR1');
INSERT INTO application_property (id, application_id, name_firstpart, area, total_value, verified_exists, verified_location, ba_unit_id, land_use_code, rowidentifier, rowversion, change_action, change_user, change_time, name_lastpart) VALUES ('ad99f821-273f-4a79-a795-6861acd83f55', '4355bd2f-aa04-41d9-9fb8-02b733acc1f9', '1', 0.00, 0.00, false, false, NULL, NULL, 'eb94238e-2a1a-4c0a-bcef-72a076916c12', 1, 'i', 'test', '2015-03-23 14:55:42.327', 'Ponui/NE1/WR5');
INSERT INTO application_property (id, application_id, name_firstpart, area, total_value, verified_exists, verified_location, ba_unit_id, land_use_code, rowidentifier, rowversion, change_action, change_user, change_time, name_lastpart) VALUES ('d5511868-4cc3-401b-878c-c48b2e1d01ca', '07b01c84-3acf-4dee-a2c1-3d8da7e912d1', '2', 0.00, 0.00, false, false, NULL, NULL, '30eb3471-7809-4722-95cc-198a5cd26977', 1, 'i', 'test', '2015-03-23 14:55:42.327', 'Ponui/NE1/WR5');
INSERT INTO application_property (id, application_id, name_firstpart, area, total_value, verified_exists, verified_location, ba_unit_id, land_use_code, rowidentifier, rowversion, change_action, change_user, change_time, name_lastpart) VALUES ('c9001e3c-5b9a-4d6f-b96e-226b36d511a6', '215cf4e0-b59c-4401-a3f8-892856a3029c', '3', 0.00, 0.00, false, false, NULL, NULL, '70c7c371-fb57-4efb-9b58-f0a7129c7867', 1, 'i', 'test', '2015-03-23 14:55:42.327', 'Ponui/NE1/WR5');
INSERT INTO application_property (id, application_id, name_firstpart, area, total_value, verified_exists, verified_location, ba_unit_id, land_use_code, rowidentifier, rowversion, change_action, change_user, change_time, name_lastpart) VALUES ('134c8194-3b76-4f7d-ac91-63f0880dafe4', '65d43ff2-4be7-4599-ae44-c9669f84e2f5', '4', 0.00, 0.00, false, false, NULL, NULL, '81d54b35-1dcc-46ed-8543-e045e05392fc', 1, 'i', 'test', '2015-03-23 14:55:42.337', 'Ponui/NE1/WR5');
INSERT INTO application_property (id, application_id, name_firstpart, area, total_value, verified_exists, verified_location, ba_unit_id, land_use_code, rowidentifier, rowversion, change_action, change_user, change_time, name_lastpart) VALUES ('ed13c5f6-b8f2-4313-9cfd-cc1ca7b2e0c3', '8f30afc4-80d1-432f-9785-0a1f1e854cc7', '9', 0.00, 0.00, false, false, NULL, NULL, '43a193e7-fad8-4822-bf91-5076cc929578', 1, 'i', 'test', '2015-03-23 14:55:42.337', 'Ponui/NE1/WR5');
INSERT INTO application_property (id, application_id, name_firstpart, area, total_value, verified_exists, verified_location, ba_unit_id, land_use_code, rowidentifier, rowversion, change_action, change_user, change_time, name_lastpart) VALUES ('ba9a77e0-7f67-4abd-bae5-3baf0a0d2b5d', '1808f72f-4bbd-44e5-89a4-fbe36dae0a29', '6', 0.00, 0.00, false, false, NULL, NULL, '07cde506-87b5-4057-90ca-cb22deb4988f', 1, 'i', 'test', '2015-03-23 14:55:42.337', 'Ponui/NE1/WR5');


ALTER TABLE application_property ENABLE TRIGGER ALL;

--
-- TOC entry 4055 (class 0 OID 404439)
-- Dependencies: 319
-- Data for Name: application_property_historic; Type: TABLE DATA; Schema: application; Owner: postgres
--

ALTER TABLE application_property_historic DISABLE TRIGGER ALL;



ALTER TABLE application_property_historic ENABLE TRIGGER ALL;

--
-- TOC entry 4059 (class 0 OID 404711)
-- Dependencies: 346
-- Data for Name: application_spatial_unit; Type: TABLE DATA; Schema: application; Owner: postgres
--

ALTER TABLE application_spatial_unit DISABLE TRIGGER ALL;



ALTER TABLE application_spatial_unit ENABLE TRIGGER ALL;

--
-- TOC entry 4060 (class 0 OID 404722)
-- Dependencies: 347
-- Data for Name: application_spatial_unit_historic; Type: TABLE DATA; Schema: application; Owner: postgres
--

ALTER TABLE application_spatial_unit_historic DISABLE TRIGGER ALL;



ALTER TABLE application_spatial_unit_historic ENABLE TRIGGER ALL;

--
-- TOC entry 4056 (class 0 OID 404445)
-- Dependencies: 320
-- Data for Name: application_uses_source; Type: TABLE DATA; Schema: application; Owner: postgres
--

ALTER TABLE application_uses_source DISABLE TRIGGER ALL;

INSERT INTO application_uses_source (application_id, source_id, rowidentifier, rowversion, change_action, change_user, change_time) VALUES ('1b6ecbed-a3f3-430c-af28-c8bfc3393cb8', 'c7d54ec6-9ad0-4169-ae5e-6587ed16e56f', '70e20388-55a3-4991-b75a-6a0f7c7b8c94', 1, 'i', 'test', '2015-03-23 14:55:42.337');
INSERT INTO application_uses_source (application_id, source_id, rowidentifier, rowversion, change_action, change_user, change_time) VALUES ('490a3140-3907-4495-93fa-26b7fae0ef9e', 'c7d54ec6-9ad0-4169-ae5e-6587ed16e56f', '9847b20f-c2e3-43d3-b3ec-d6c0d5d12398', 1, 'i', 'test', '2015-03-23 14:55:42.357');
INSERT INTO application_uses_source (application_id, source_id, rowidentifier, rowversion, change_action, change_user, change_time) VALUES ('5b18b67d-e724-48ac-9b3a-12c7cd1a9657', 'c7d54ec6-9ad0-4169-ae5e-6587ed16e56f', 'e7cfe762-c656-43bc-9616-4f3a6e53991b', 1, 'i', 'test', '2015-03-23 14:55:42.357');
INSERT INTO application_uses_source (application_id, source_id, rowidentifier, rowversion, change_action, change_user, change_time) VALUES ('21b9b9d1-8ab7-4e0f-bcdf-cacc77baa031', '06c994ff-bfa5-40e6-bfeb-a793052fce70', 'a5fc579a-7f0c-4671-b0b0-7946a64190da', 1, 'i', 'test', '2015-03-23 14:55:42.357');
INSERT INTO application_uses_source (application_id, source_id, rowidentifier, rowversion, change_action, change_user, change_time) VALUES ('21b9b9d1-8ab7-4e0f-bcdf-cacc77baa031', '539fa1f5-845c-417d-9591-e9d0892b0746', 'ba3235e5-5138-432c-87ec-a4d51433bc50', 1, 'i', 'test', '2015-03-23 14:55:42.357');
INSERT INTO application_uses_source (application_id, source_id, rowidentifier, rowversion, change_action, change_user, change_time) VALUES ('21b9b9d1-8ab7-4e0f-bcdf-cacc77baa031', '927d0097-e1f3-47cb-9ad4-cb721ae2f6dc', '2f318dca-fd1d-4689-9a17-f700cb96bb43', 1, 'i', 'test', '2015-03-23 14:55:42.357');
INSERT INTO application_uses_source (application_id, source_id, rowidentifier, rowversion, change_action, change_user, change_time) VALUES ('2a69de6c-bb2c-4eb4-9a0e-e7190c3efbf2', '06c994ff-bfa5-40e6-bfeb-a793052fce70', '4a0fef64-1bc3-447d-b6c7-b0f482d745cc', 1, 'i', 'test', '2015-03-23 14:55:42.357');
INSERT INTO application_uses_source (application_id, source_id, rowidentifier, rowversion, change_action, change_user, change_time) VALUES ('2a69de6c-bb2c-4eb4-9a0e-e7190c3efbf2', '539fa1f5-845c-417d-9591-e9d0892b0746', '27cfd6fa-036c-4268-a293-db6bc441484e', 1, 'i', 'test', '2015-03-23 14:55:42.367');
INSERT INTO application_uses_source (application_id, source_id, rowidentifier, rowversion, change_action, change_user, change_time) VALUES ('2a69de6c-bb2c-4eb4-9a0e-e7190c3efbf2', '927d0097-e1f3-47cb-9ad4-cb721ae2f6dc', '7dfd4ce3-f5f5-415c-af24-475a4152996e', 1, 'i', 'test', '2015-03-23 14:55:42.367');
INSERT INTO application_uses_source (application_id, source_id, rowidentifier, rowversion, change_action, change_user, change_time) VALUES ('a853a949-542f-4de1-8fb6-7c94e682c09a', '927d0097-e1f3-47cb-9ad4-cb721ae2f6dc', 'd816e1d5-a40a-41d8-bc46-14ed8b25df13', 1, 'i', 'test', '2015-03-23 14:55:42.367');
INSERT INTO application_uses_source (application_id, source_id, rowidentifier, rowversion, change_action, change_user, change_time) VALUES ('a853a949-542f-4de1-8fb6-7c94e682c09a', '539fa1f5-845c-417d-9591-e9d0892b0746', 'b3b322a3-1191-4342-bd84-55bc71942194', 1, 'i', 'test', '2015-03-23 14:55:42.367');
INSERT INTO application_uses_source (application_id, source_id, rowidentifier, rowversion, change_action, change_user, change_time) VALUES ('a853a949-542f-4de1-8fb6-7c94e682c09a', '06c994ff-bfa5-40e6-bfeb-a793052fce70', 'd156fa4a-1e5b-4073-be56-07a2b5469d96', 1, 'i', 'test', '2015-03-23 14:55:42.367');
INSERT INTO application_uses_source (application_id, source_id, rowidentifier, rowversion, change_action, change_user, change_time) VALUES ('8b3438aa-a61e-439e-b205-0c8dd3403ee5', '06c994ff-bfa5-40e6-bfeb-a793052fce70', 'f40ceb8c-c2ee-4e69-80ff-75c716b474d6', 1, 'i', 'test', '2015-03-23 14:55:42.367');
INSERT INTO application_uses_source (application_id, source_id, rowidentifier, rowversion, change_action, change_user, change_time) VALUES ('8b3438aa-a61e-439e-b205-0c8dd3403ee5', '927d0097-e1f3-47cb-9ad4-cb721ae2f6dc', 'cd729795-5a21-44f2-9607-396d696f273d', 1, 'i', 'test', '2015-03-23 14:55:42.367');
INSERT INTO application_uses_source (application_id, source_id, rowidentifier, rowversion, change_action, change_user, change_time) VALUES ('8b3438aa-a61e-439e-b205-0c8dd3403ee5', '539fa1f5-845c-417d-9591-e9d0892b0746', 'd9b4487b-69c7-4ea2-87ce-d04233f416f3', 1, 'i', 'test', '2015-03-23 14:55:42.367');
INSERT INTO application_uses_source (application_id, source_id, rowidentifier, rowversion, change_action, change_user, change_time) VALUES ('c94491c1-66d3-448c-a668-40dde677e19e', '06c994ff-bfa5-40e6-bfeb-a793052fce70', '5522c902-3e71-4c98-a989-920c8cca4f36', 1, 'i', 'test', '2015-03-23 14:55:42.367');
INSERT INTO application_uses_source (application_id, source_id, rowidentifier, rowversion, change_action, change_user, change_time) VALUES ('c94491c1-66d3-448c-a668-40dde677e19e', '539fa1f5-845c-417d-9591-e9d0892b0746', '0535f816-b87d-42d4-9396-e830c86479bc', 1, 'i', 'test', '2015-03-23 14:55:42.367');
INSERT INTO application_uses_source (application_id, source_id, rowidentifier, rowversion, change_action, change_user, change_time) VALUES ('c94491c1-66d3-448c-a668-40dde677e19e', '927d0097-e1f3-47cb-9ad4-cb721ae2f6dc', 'a717f9ee-066f-4af3-af23-a12afb7f2791', 1, 'i', 'test', '2015-03-23 14:55:42.387');
INSERT INTO application_uses_source (application_id, source_id, rowidentifier, rowversion, change_action, change_user, change_time) VALUES ('9aa2eddc-c896-4eeb-a7bb-7a8c8f6bfe36', '06c994ff-bfa5-40e6-bfeb-a793052fce70', '89264860-ddb4-4f75-a81d-6908080caf7e', 1, 'i', 'test', '2015-03-23 14:55:42.387');
INSERT INTO application_uses_source (application_id, source_id, rowidentifier, rowversion, change_action, change_user, change_time) VALUES ('9aa2eddc-c896-4eeb-a7bb-7a8c8f6bfe36', '539fa1f5-845c-417d-9591-e9d0892b0746', '3dab2c04-18f5-4593-bd8d-9f1333683465', 1, 'i', 'test', '2015-03-23 14:55:42.387');
INSERT INTO application_uses_source (application_id, source_id, rowidentifier, rowversion, change_action, change_user, change_time) VALUES ('9aa2eddc-c896-4eeb-a7bb-7a8c8f6bfe36', '927d0097-e1f3-47cb-9ad4-cb721ae2f6dc', '9504ab8c-1ae2-44a2-989b-40c2a966b4df', 1, 'i', 'test', '2015-03-23 14:55:42.387');
INSERT INTO application_uses_source (application_id, source_id, rowidentifier, rowversion, change_action, change_user, change_time) VALUES ('363c5cab-32c8-49b9-91b9-f223a5324aa8', '06c994ff-bfa5-40e6-bfeb-a793052fce70', '94475367-9957-4942-8aca-1410033266e6', 1, 'i', 'test', '2015-03-23 14:55:42.387');
INSERT INTO application_uses_source (application_id, source_id, rowidentifier, rowversion, change_action, change_user, change_time) VALUES ('363c5cab-32c8-49b9-91b9-f223a5324aa8', '539fa1f5-845c-417d-9591-e9d0892b0746', '917c895e-7dec-4f9e-aaf3-476d1cb351d2', 1, 'i', 'test', '2015-03-23 14:55:42.387');
INSERT INTO application_uses_source (application_id, source_id, rowidentifier, rowversion, change_action, change_user, change_time) VALUES ('363c5cab-32c8-49b9-91b9-f223a5324aa8', '927d0097-e1f3-47cb-9ad4-cb721ae2f6dc', '8b74262f-d2e7-469f-a896-1df8f68f1024', 1, 'i', 'test', '2015-03-23 14:55:42.387');
INSERT INTO application_uses_source (application_id, source_id, rowidentifier, rowversion, change_action, change_user, change_time) VALUES ('85f6153e-974e-46c1-a6bd-5fd450ebc330', '06c994ff-bfa5-40e6-bfeb-a793052fce70', '047d0f62-a262-44cf-9ae0-ae39666a7688', 1, 'i', 'test', '2015-03-23 14:55:42.397');
INSERT INTO application_uses_source (application_id, source_id, rowidentifier, rowversion, change_action, change_user, change_time) VALUES ('85f6153e-974e-46c1-a6bd-5fd450ebc330', '539fa1f5-845c-417d-9591-e9d0892b0746', 'f7c862cc-84c6-44e1-9b45-277a79886767', 1, 'i', 'test', '2015-03-23 14:55:42.397');
INSERT INTO application_uses_source (application_id, source_id, rowidentifier, rowversion, change_action, change_user, change_time) VALUES ('85f6153e-974e-46c1-a6bd-5fd450ebc330', '927d0097-e1f3-47cb-9ad4-cb721ae2f6dc', '5e40d208-9a70-44bd-8a13-0cbfbff21dc3', 1, 'i', 'test', '2015-03-23 14:55:42.397');
INSERT INTO application_uses_source (application_id, source_id, rowidentifier, rowversion, change_action, change_user, change_time) VALUES ('20f215e6-2362-421a-a0be-97eee51a1ddb', '06c994ff-bfa5-40e6-bfeb-a793052fce70', 'c7493ec5-9528-4300-95a5-2c2da0a37627', 1, 'i', 'test', '2015-03-23 14:55:42.397');
INSERT INTO application_uses_source (application_id, source_id, rowidentifier, rowversion, change_action, change_user, change_time) VALUES ('20f215e6-2362-421a-a0be-97eee51a1ddb', '539fa1f5-845c-417d-9591-e9d0892b0746', 'bc881d03-7d0a-4526-9cca-814f183a69b6', 1, 'i', 'test', '2015-03-23 14:55:42.407');
INSERT INTO application_uses_source (application_id, source_id, rowidentifier, rowversion, change_action, change_user, change_time) VALUES ('20f215e6-2362-421a-a0be-97eee51a1ddb', '927d0097-e1f3-47cb-9ad4-cb721ae2f6dc', '529b8826-513e-45c0-a2ad-ea45704cc12f', 1, 'i', 'test', '2015-03-23 14:55:42.407');
INSERT INTO application_uses_source (application_id, source_id, rowidentifier, rowversion, change_action, change_user, change_time) VALUES ('32c60da2-8f82-4641-84ec-04d27bc7590c', '06c994ff-bfa5-40e6-bfeb-a793052fce70', 'e703a764-d27c-49e0-8416-8ec6c754c725', 1, 'i', 'test', '2015-03-23 14:55:42.417');
INSERT INTO application_uses_source (application_id, source_id, rowidentifier, rowversion, change_action, change_user, change_time) VALUES ('32c60da2-8f82-4641-84ec-04d27bc7590c', '539fa1f5-845c-417d-9591-e9d0892b0746', 'ac2e1842-a071-4100-8f81-d7b747e44d11', 1, 'i', 'test', '2015-03-23 14:55:42.417');
INSERT INTO application_uses_source (application_id, source_id, rowidentifier, rowversion, change_action, change_user, change_time) VALUES ('32c60da2-8f82-4641-84ec-04d27bc7590c', '927d0097-e1f3-47cb-9ad4-cb721ae2f6dc', '2072c024-4e7f-4bfb-8240-b71ead769d98', 1, 'i', 'test', '2015-03-23 14:55:42.417');
INSERT INTO application_uses_source (application_id, source_id, rowidentifier, rowversion, change_action, change_user, change_time) VALUES ('40e6bf8e-f159-4c09-9194-0df47accf948', '06c994ff-bfa5-40e6-bfeb-a793052fce70', '289e7985-68c1-43f0-92e3-51a36fee7fa9', 1, 'i', 'test', '2015-03-23 14:55:42.417');
INSERT INTO application_uses_source (application_id, source_id, rowidentifier, rowversion, change_action, change_user, change_time) VALUES ('40e6bf8e-f159-4c09-9194-0df47accf948', '539fa1f5-845c-417d-9591-e9d0892b0746', '79b9c25e-8012-46f8-af6b-cc8bb8643487', 1, 'i', 'test', '2015-03-23 14:55:42.417');
INSERT INTO application_uses_source (application_id, source_id, rowidentifier, rowversion, change_action, change_user, change_time) VALUES ('40e6bf8e-f159-4c09-9194-0df47accf948', '927d0097-e1f3-47cb-9ad4-cb721ae2f6dc', 'f5d5e3fa-2929-4ade-8527-80c3f5bdcf62', 1, 'i', 'test', '2015-03-23 14:55:42.417');
INSERT INTO application_uses_source (application_id, source_id, rowidentifier, rowversion, change_action, change_user, change_time) VALUES ('d6492c3d-7433-4bc0-9f4c-6d527cabc893', '06c994ff-bfa5-40e6-bfeb-a793052fce70', '7f0f4438-744d-4780-872b-5ab6c0ac9f48', 1, 'i', 'test', '2015-03-23 14:55:42.417');
INSERT INTO application_uses_source (application_id, source_id, rowidentifier, rowversion, change_action, change_user, change_time) VALUES ('d6492c3d-7433-4bc0-9f4c-6d527cabc893', '539fa1f5-845c-417d-9591-e9d0892b0746', '2d22ab60-e36d-4d52-88c9-c510d0bcda74', 1, 'i', 'test', '2015-03-23 14:55:42.417');
INSERT INTO application_uses_source (application_id, source_id, rowidentifier, rowversion, change_action, change_user, change_time) VALUES ('d6492c3d-7433-4bc0-9f4c-6d527cabc893', '927d0097-e1f3-47cb-9ad4-cb721ae2f6dc', '84024ceb-fb81-4a25-8bcb-c2aa0720ee24', 1, 'i', 'test', '2015-03-23 14:55:42.427');
INSERT INTO application_uses_source (application_id, source_id, rowidentifier, rowversion, change_action, change_user, change_time) VALUES ('15a6efbc-77e2-40be-823e-16b72ffd137a', '06c994ff-bfa5-40e6-bfeb-a793052fce70', '625b8401-92ed-4e2f-ae00-31b73bf50300', 1, 'i', 'test', '2015-03-23 14:55:42.427');
INSERT INTO application_uses_source (application_id, source_id, rowidentifier, rowversion, change_action, change_user, change_time) VALUES ('15a6efbc-77e2-40be-823e-16b72ffd137a', '539fa1f5-845c-417d-9591-e9d0892b0746', '2f0d8551-158e-40d6-92f1-3139158314be', 1, 'i', 'test', '2015-03-23 14:55:42.427');
INSERT INTO application_uses_source (application_id, source_id, rowidentifier, rowversion, change_action, change_user, change_time) VALUES ('15a6efbc-77e2-40be-823e-16b72ffd137a', '927d0097-e1f3-47cb-9ad4-cb721ae2f6dc', '7c69849e-89bc-4838-804c-993c1299be16', 1, 'i', 'test', '2015-03-23 14:55:42.427');
INSERT INTO application_uses_source (application_id, source_id, rowidentifier, rowversion, change_action, change_user, change_time) VALUES ('c27849a6-1e85-4787-886c-c51b2977a718', '06c994ff-bfa5-40e6-bfeb-a793052fce70', 'deae183f-4a4f-49e0-965a-3b5ccbb9ac44', 1, 'i', 'test', '2015-03-23 14:55:42.437');
INSERT INTO application_uses_source (application_id, source_id, rowidentifier, rowversion, change_action, change_user, change_time) VALUES ('c27849a6-1e85-4787-886c-c51b2977a718', '539fa1f5-845c-417d-9591-e9d0892b0746', '9ecede64-417b-41f5-b5e5-38060c5c3630', 1, 'i', 'test', '2015-03-23 14:55:42.437');
INSERT INTO application_uses_source (application_id, source_id, rowidentifier, rowversion, change_action, change_user, change_time) VALUES ('c27849a6-1e85-4787-886c-c51b2977a718', '927d0097-e1f3-47cb-9ad4-cb721ae2f6dc', '60050e81-7f80-46dc-8ace-2781b1bf16aa', 1, 'i', 'test', '2015-03-23 14:55:42.437');
INSERT INTO application_uses_source (application_id, source_id, rowidentifier, rowversion, change_action, change_user, change_time) VALUES ('6dc35568-aaa7-45e1-aadb-f3db4eded16e', '06c994ff-bfa5-40e6-bfeb-a793052fce70', '5e8daed0-5867-4689-b9f2-874273b34a55', 1, 'i', 'test', '2015-03-23 14:55:42.437');
INSERT INTO application_uses_source (application_id, source_id, rowidentifier, rowversion, change_action, change_user, change_time) VALUES ('6dc35568-aaa7-45e1-aadb-f3db4eded16e', '539fa1f5-845c-417d-9591-e9d0892b0746', '7f82ef1c-15eb-4a0e-8139-19f98cfbb565', 1, 'i', 'test', '2015-03-23 14:55:42.447');
INSERT INTO application_uses_source (application_id, source_id, rowidentifier, rowversion, change_action, change_user, change_time) VALUES ('6dc35568-aaa7-45e1-aadb-f3db4eded16e', '927d0097-e1f3-47cb-9ad4-cb721ae2f6dc', '72d8d2d5-a6e9-4098-86ec-d252c9826ea2', 1, 'i', 'test', '2015-03-23 14:55:42.447');
INSERT INTO application_uses_source (application_id, source_id, rowidentifier, rowversion, change_action, change_user, change_time) VALUES ('3df7d155-a0b8-4032-b236-5c3babfef666', '06c994ff-bfa5-40e6-bfeb-a793052fce70', '76d6425c-25bb-4936-b33e-6b665e3812ad', 1, 'i', 'test', '2015-03-23 14:55:42.447');
INSERT INTO application_uses_source (application_id, source_id, rowidentifier, rowversion, change_action, change_user, change_time) VALUES ('3df7d155-a0b8-4032-b236-5c3babfef666', '539fa1f5-845c-417d-9591-e9d0892b0746', '42042da9-9fe1-4c0e-9605-ce1a2a4633f5', 1, 'i', 'test', '2015-03-23 14:55:42.447');
INSERT INTO application_uses_source (application_id, source_id, rowidentifier, rowversion, change_action, change_user, change_time) VALUES ('3df7d155-a0b8-4032-b236-5c3babfef666', '927d0097-e1f3-47cb-9ad4-cb721ae2f6dc', '10a39e57-ce11-46d0-be0c-0f9e2361a286', 1, 'i', 'test', '2015-03-23 14:55:42.467');
INSERT INTO application_uses_source (application_id, source_id, rowidentifier, rowversion, change_action, change_user, change_time) VALUES ('0283bc32-040e-4e1b-9f08-cd2d32a2b111', '06c994ff-bfa5-40e6-bfeb-a793052fce70', '49274f31-9198-4b16-a124-7a837cf81c37', 1, 'i', 'test', '2015-03-23 14:55:42.467');
INSERT INTO application_uses_source (application_id, source_id, rowidentifier, rowversion, change_action, change_user, change_time) VALUES ('0283bc32-040e-4e1b-9f08-cd2d32a2b111', '539fa1f5-845c-417d-9591-e9d0892b0746', '650231ca-1d32-4a8c-a836-5d8e8b0ec406', 1, 'i', 'test', '2015-03-23 14:55:42.467');
INSERT INTO application_uses_source (application_id, source_id, rowidentifier, rowversion, change_action, change_user, change_time) VALUES ('0283bc32-040e-4e1b-9f08-cd2d32a2b111', '927d0097-e1f3-47cb-9ad4-cb721ae2f6dc', 'e6d685bf-fa50-41ce-876c-130a4d2167ff', 1, 'i', 'test', '2015-03-23 14:55:42.467');
INSERT INTO application_uses_source (application_id, source_id, rowidentifier, rowversion, change_action, change_user, change_time) VALUES ('2e2b7ec1-55c8-402a-8d9f-7ad98c3a96c6', '06c994ff-bfa5-40e6-bfeb-a793052fce70', 'a9aae749-c1b3-40e6-bb99-4c2e85522fe9', 1, 'i', 'test', '2015-03-23 14:55:42.467');
INSERT INTO application_uses_source (application_id, source_id, rowidentifier, rowversion, change_action, change_user, change_time) VALUES ('2e2b7ec1-55c8-402a-8d9f-7ad98c3a96c6', '539fa1f5-845c-417d-9591-e9d0892b0746', '48186011-3c72-442b-803a-2fc3b4294b60', 1, 'i', 'test', '2015-03-23 14:55:42.477');
INSERT INTO application_uses_source (application_id, source_id, rowidentifier, rowversion, change_action, change_user, change_time) VALUES ('2e2b7ec1-55c8-402a-8d9f-7ad98c3a96c6', '927d0097-e1f3-47cb-9ad4-cb721ae2f6dc', '6f30337d-3b67-45e1-a157-8945a3c6b576', 1, 'i', 'test', '2015-03-23 14:55:42.487');
INSERT INTO application_uses_source (application_id, source_id, rowidentifier, rowversion, change_action, change_user, change_time) VALUES ('6739c2a7-6647-4ecb-bdfc-b449cd1b259c', '06c994ff-bfa5-40e6-bfeb-a793052fce70', '464372ed-551f-4f87-ae47-1deaad4c05f5', 1, 'i', 'test', '2015-03-23 14:55:42.497');
INSERT INTO application_uses_source (application_id, source_id, rowidentifier, rowversion, change_action, change_user, change_time) VALUES ('6739c2a7-6647-4ecb-bdfc-b449cd1b259c', '539fa1f5-845c-417d-9591-e9d0892b0746', '6888d168-768a-40fb-928f-c469ee2500f6', 1, 'i', 'test', '2015-03-23 14:55:42.497');
INSERT INTO application_uses_source (application_id, source_id, rowidentifier, rowversion, change_action, change_user, change_time) VALUES ('6739c2a7-6647-4ecb-bdfc-b449cd1b259c', '927d0097-e1f3-47cb-9ad4-cb721ae2f6dc', '4b6ed827-d43c-49cc-bd6d-266c6cc7244b', 1, 'i', 'test', '2015-03-23 14:55:42.497');
INSERT INTO application_uses_source (application_id, source_id, rowidentifier, rowversion, change_action, change_user, change_time) VALUES ('202f1b4b-000a-4866-8af4-c557ba20711b', '06c994ff-bfa5-40e6-bfeb-a793052fce70', '3eaae223-49a3-4743-9748-9478f338d9a9', 1, 'i', 'test', '2015-03-23 14:55:42.497');
INSERT INTO application_uses_source (application_id, source_id, rowidentifier, rowversion, change_action, change_user, change_time) VALUES ('202f1b4b-000a-4866-8af4-c557ba20711b', '539fa1f5-845c-417d-9591-e9d0892b0746', '69758ef8-3155-4863-a79e-cf438da44886', 1, 'i', 'test', '2015-03-23 14:55:42.497');
INSERT INTO application_uses_source (application_id, source_id, rowidentifier, rowversion, change_action, change_user, change_time) VALUES ('202f1b4b-000a-4866-8af4-c557ba20711b', '927d0097-e1f3-47cb-9ad4-cb721ae2f6dc', '69b38df1-38f6-4852-bb97-e5fb58ac3dea', 1, 'i', 'test', '2015-03-23 14:55:42.497');
INSERT INTO application_uses_source (application_id, source_id, rowidentifier, rowversion, change_action, change_user, change_time) VALUES ('8e841b21-87b1-4697-9d2d-b7c3d6dcde2b', '06c994ff-bfa5-40e6-bfeb-a793052fce70', '371e92ed-be3b-4064-8ae7-4dc65d205e59', 1, 'i', 'test', '2015-03-23 14:55:42.497');
INSERT INTO application_uses_source (application_id, source_id, rowidentifier, rowversion, change_action, change_user, change_time) VALUES ('8e841b21-87b1-4697-9d2d-b7c3d6dcde2b', '539fa1f5-845c-417d-9591-e9d0892b0746', '7af6e231-2943-4128-a2b5-cd76be188c89', 1, 'i', 'test', '2015-03-23 14:55:42.507');
INSERT INTO application_uses_source (application_id, source_id, rowidentifier, rowversion, change_action, change_user, change_time) VALUES ('8e841b21-87b1-4697-9d2d-b7c3d6dcde2b', '927d0097-e1f3-47cb-9ad4-cb721ae2f6dc', '9f959e82-703c-4fdc-93e7-0b80898f9471', 1, 'i', 'test', '2015-03-23 14:55:42.507');
INSERT INTO application_uses_source (application_id, source_id, rowidentifier, rowversion, change_action, change_user, change_time) VALUES ('00b1e4f3-4fa5-436b-8dde-01bd8b2530c3', '06c994ff-bfa5-40e6-bfeb-a793052fce70', '2f429cdc-a6ad-4416-ae81-a935ea6ab47d', 1, 'i', 'test', '2015-03-23 14:55:42.507');
INSERT INTO application_uses_source (application_id, source_id, rowidentifier, rowversion, change_action, change_user, change_time) VALUES ('00b1e4f3-4fa5-436b-8dde-01bd8b2530c3', '539fa1f5-845c-417d-9591-e9d0892b0746', '13a0c7f3-a757-4bf8-ab92-7db6db31c826', 1, 'i', 'test', '2015-03-23 14:55:42.507');
INSERT INTO application_uses_source (application_id, source_id, rowidentifier, rowversion, change_action, change_user, change_time) VALUES ('00b1e4f3-4fa5-436b-8dde-01bd8b2530c3', '927d0097-e1f3-47cb-9ad4-cb721ae2f6dc', '7b12ecbf-d32d-4dcb-a0a2-0badd395cbca', 1, 'i', 'test', '2015-03-23 14:55:42.507');
INSERT INTO application_uses_source (application_id, source_id, rowidentifier, rowversion, change_action, change_user, change_time) VALUES ('be391b04-b7cd-4136-a27a-bca634cc1da1', '06c994ff-bfa5-40e6-bfeb-a793052fce70', '6cff2059-91ba-4bcd-9c67-06c3ed5ce20c', 1, 'i', 'test', '2015-03-23 14:55:42.507');
INSERT INTO application_uses_source (application_id, source_id, rowidentifier, rowversion, change_action, change_user, change_time) VALUES ('be391b04-b7cd-4136-a27a-bca634cc1da1', '539fa1f5-845c-417d-9591-e9d0892b0746', '2cfbe92c-21d1-442d-884d-0f740876794b', 1, 'i', 'test', '2015-03-23 14:55:42.507');
INSERT INTO application_uses_source (application_id, source_id, rowidentifier, rowversion, change_action, change_user, change_time) VALUES ('be391b04-b7cd-4136-a27a-bca634cc1da1', '927d0097-e1f3-47cb-9ad4-cb721ae2f6dc', '6a1b5fc8-77c7-4463-b221-ee9dbe3aa921', 1, 'i', 'test', '2015-03-23 14:55:42.507');
INSERT INTO application_uses_source (application_id, source_id, rowidentifier, rowversion, change_action, change_user, change_time) VALUES ('875e6460-c597-4147-ace6-e0fdd1f80c09', '06c994ff-bfa5-40e6-bfeb-a793052fce70', '482fc0de-1a7f-4158-a7e9-3847b83fd231', 1, 'i', 'test', '2015-03-23 14:55:42.517');
INSERT INTO application_uses_source (application_id, source_id, rowidentifier, rowversion, change_action, change_user, change_time) VALUES ('875e6460-c597-4147-ace6-e0fdd1f80c09', '539fa1f5-845c-417d-9591-e9d0892b0746', '476d0093-8dd1-464c-9324-0fd55f78126b', 1, 'i', 'test', '2015-03-23 14:55:42.517');
INSERT INTO application_uses_source (application_id, source_id, rowidentifier, rowversion, change_action, change_user, change_time) VALUES ('875e6460-c597-4147-ace6-e0fdd1f80c09', '927d0097-e1f3-47cb-9ad4-cb721ae2f6dc', '870e9b6c-f09f-4f73-b3d2-de76edff6c35', 1, 'i', 'test', '2015-03-23 14:55:42.517');
INSERT INTO application_uses_source (application_id, source_id, rowidentifier, rowversion, change_action, change_user, change_time) VALUES ('7c7a2e7c-ddfb-4ff2-890d-9f7b7e39cc4d', '06c994ff-bfa5-40e6-bfeb-a793052fce70', 'd17142db-c0d1-4c50-a110-91c69513298a', 1, 'i', 'test', '2015-03-23 14:55:42.517');
INSERT INTO application_uses_source (application_id, source_id, rowidentifier, rowversion, change_action, change_user, change_time) VALUES ('7c7a2e7c-ddfb-4ff2-890d-9f7b7e39cc4d', '539fa1f5-845c-417d-9591-e9d0892b0746', '4c2c120e-1fae-4d7a-be7b-3c377643df61', 1, 'i', 'test', '2015-03-23 14:55:42.527');
INSERT INTO application_uses_source (application_id, source_id, rowidentifier, rowversion, change_action, change_user, change_time) VALUES ('7c7a2e7c-ddfb-4ff2-890d-9f7b7e39cc4d', '927d0097-e1f3-47cb-9ad4-cb721ae2f6dc', '6cbfa7b7-4bc5-49d5-85bd-28c680d29acc', 1, 'i', 'test', '2015-03-23 14:55:42.527');
INSERT INTO application_uses_source (application_id, source_id, rowidentifier, rowversion, change_action, change_user, change_time) VALUES ('4355bd2f-aa04-41d9-9fb8-02b733acc1f9', '06c994ff-bfa5-40e6-bfeb-a793052fce70', 'b0fa241d-bb64-4800-8d97-674a3385475f', 1, 'i', 'test', '2015-03-23 14:55:42.527');
INSERT INTO application_uses_source (application_id, source_id, rowidentifier, rowversion, change_action, change_user, change_time) VALUES ('4355bd2f-aa04-41d9-9fb8-02b733acc1f9', '539fa1f5-845c-417d-9591-e9d0892b0746', 'baf15e20-db21-4143-868e-59901e50e261', 1, 'i', 'test', '2015-03-23 14:55:42.537');
INSERT INTO application_uses_source (application_id, source_id, rowidentifier, rowversion, change_action, change_user, change_time) VALUES ('4355bd2f-aa04-41d9-9fb8-02b733acc1f9', '927d0097-e1f3-47cb-9ad4-cb721ae2f6dc', '463ea82d-2b6c-4db3-8662-d1d8ccbf9bfe', 1, 'i', 'test', '2015-03-23 14:55:42.537');
INSERT INTO application_uses_source (application_id, source_id, rowidentifier, rowversion, change_action, change_user, change_time) VALUES ('07b01c84-3acf-4dee-a2c1-3d8da7e912d1', '06c994ff-bfa5-40e6-bfeb-a793052fce70', '5daf58a6-470c-4fd8-b31a-65ea85a2f7bc', 1, 'i', 'test', '2015-03-23 14:55:42.537');
INSERT INTO application_uses_source (application_id, source_id, rowidentifier, rowversion, change_action, change_user, change_time) VALUES ('07b01c84-3acf-4dee-a2c1-3d8da7e912d1', '539fa1f5-845c-417d-9591-e9d0892b0746', 'c310a387-d28a-4d10-8f6d-fc6fc1cb0a98', 1, 'i', 'test', '2015-03-23 14:55:42.537');
INSERT INTO application_uses_source (application_id, source_id, rowidentifier, rowversion, change_action, change_user, change_time) VALUES ('07b01c84-3acf-4dee-a2c1-3d8da7e912d1', '927d0097-e1f3-47cb-9ad4-cb721ae2f6dc', '215bfbe0-c6a3-4a8a-8a6b-6041848ace0a', 1, 'i', 'test', '2015-03-23 14:55:42.537');
INSERT INTO application_uses_source (application_id, source_id, rowidentifier, rowversion, change_action, change_user, change_time) VALUES ('215cf4e0-b59c-4401-a3f8-892856a3029c', '06c994ff-bfa5-40e6-bfeb-a793052fce70', 'ff01cf7a-fc87-4799-92d0-eb04c6dc5b2f', 1, 'i', 'test', '2015-03-23 14:55:42.547');
INSERT INTO application_uses_source (application_id, source_id, rowidentifier, rowversion, change_action, change_user, change_time) VALUES ('215cf4e0-b59c-4401-a3f8-892856a3029c', '539fa1f5-845c-417d-9591-e9d0892b0746', '2f3eb3ff-0b51-42bb-bcd1-415228209020', 1, 'i', 'test', '2015-03-23 14:55:42.547');
INSERT INTO application_uses_source (application_id, source_id, rowidentifier, rowversion, change_action, change_user, change_time) VALUES ('215cf4e0-b59c-4401-a3f8-892856a3029c', '927d0097-e1f3-47cb-9ad4-cb721ae2f6dc', '5063e693-8f82-43af-a91a-15e56eff0d53', 1, 'i', 'test', '2015-03-23 14:55:42.547');
INSERT INTO application_uses_source (application_id, source_id, rowidentifier, rowversion, change_action, change_user, change_time) VALUES ('65d43ff2-4be7-4599-ae44-c9669f84e2f5', '06c994ff-bfa5-40e6-bfeb-a793052fce70', 'ded43130-6d2b-4732-87f6-2e657a51fa21', 1, 'i', 'test', '2015-03-23 14:55:42.547');
INSERT INTO application_uses_source (application_id, source_id, rowidentifier, rowversion, change_action, change_user, change_time) VALUES ('65d43ff2-4be7-4599-ae44-c9669f84e2f5', '539fa1f5-845c-417d-9591-e9d0892b0746', '18f66341-504e-4777-8588-cc7cf51b5f9c', 1, 'i', 'test', '2015-03-23 14:55:42.547');
INSERT INTO application_uses_source (application_id, source_id, rowidentifier, rowversion, change_action, change_user, change_time) VALUES ('65d43ff2-4be7-4599-ae44-c9669f84e2f5', '927d0097-e1f3-47cb-9ad4-cb721ae2f6dc', 'd85498a4-e951-48aa-bdd6-b9a2e6311177', 1, 'i', 'test', '2015-03-23 14:55:42.567');
INSERT INTO application_uses_source (application_id, source_id, rowidentifier, rowversion, change_action, change_user, change_time) VALUES ('8f30afc4-80d1-432f-9785-0a1f1e854cc7', '06c994ff-bfa5-40e6-bfeb-a793052fce70', '26bc87d0-8cde-4b5d-a859-76a4075317ab', 1, 'i', 'test', '2015-03-23 14:55:42.567');
INSERT INTO application_uses_source (application_id, source_id, rowidentifier, rowversion, change_action, change_user, change_time) VALUES ('8f30afc4-80d1-432f-9785-0a1f1e854cc7', '539fa1f5-845c-417d-9591-e9d0892b0746', '41cd4581-bef3-404c-bae9-053bb8191e25', 1, 'i', 'test', '2015-03-23 14:55:42.567');
INSERT INTO application_uses_source (application_id, source_id, rowidentifier, rowversion, change_action, change_user, change_time) VALUES ('8f30afc4-80d1-432f-9785-0a1f1e854cc7', '927d0097-e1f3-47cb-9ad4-cb721ae2f6dc', 'd1ce0d3d-ad88-4620-a415-546c37cadd51', 1, 'i', 'test', '2015-03-23 14:55:42.567');
INSERT INTO application_uses_source (application_id, source_id, rowidentifier, rowversion, change_action, change_user, change_time) VALUES ('1808f72f-4bbd-44e5-89a4-fbe36dae0a29', '06c994ff-bfa5-40e6-bfeb-a793052fce70', 'd9df0ca5-a636-4c3b-80e0-622598edaa02', 1, 'i', 'test', '2015-03-23 14:55:42.567');
INSERT INTO application_uses_source (application_id, source_id, rowidentifier, rowversion, change_action, change_user, change_time) VALUES ('1808f72f-4bbd-44e5-89a4-fbe36dae0a29', '539fa1f5-845c-417d-9591-e9d0892b0746', '9191ca4e-471d-43e3-bad9-afd12554e526', 1, 'i', 'test', '2015-03-23 14:55:42.577');
INSERT INTO application_uses_source (application_id, source_id, rowidentifier, rowversion, change_action, change_user, change_time) VALUES ('1808f72f-4bbd-44e5-89a4-fbe36dae0a29', '927d0097-e1f3-47cb-9ad4-cb721ae2f6dc', 'f2d52873-e843-4d8a-aaaf-42d56c0a9153', 1, 'i', 'test', '2015-03-23 14:55:42.577');


ALTER TABLE application_uses_source ENABLE TRIGGER ALL;

--
-- TOC entry 4057 (class 0 OID 404456)
-- Dependencies: 321
-- Data for Name: application_uses_source_historic; Type: TABLE DATA; Schema: application; Owner: postgres
--

ALTER TABLE application_uses_source_historic DISABLE TRIGGER ALL;



ALTER TABLE application_uses_source_historic ENABLE TRIGGER ALL;
--
-- TOC entry 4043 (class 0 OID 403262)
-- Dependencies: 217
-- Data for Name: service; Type: TABLE DATA; Schema: application; Owner: postgres
--

ALTER TABLE service DISABLE TRIGGER ALL;

INSERT INTO service (id, application_id, request_type_code, service_order, lodging_datetime, expected_completion_date, status_code, action_code, action_notes, base_fee, area_fee, value_fee, rowidentifier, rowversion, change_action, change_user, change_time) VALUES ('89762ff0-4731-4c99-bfda-7c81a8ab3468', NULL, 'cadastrePrint', 0, '2015-03-20 10:54:09.224', '2015-03-20', 'completed', 'complete', NULL, 0.00, 0.00, 0.00, 'cb38de10-f950-4156-87b1-c3b2ced01345', 1, 'i', 'test', '2015-03-23 14:55:42.657');
INSERT INTO service (id, application_id, request_type_code, service_order, lodging_datetime, expected_completion_date, status_code, action_code, action_notes, base_fee, area_fee, value_fee, rowidentifier, rowversion, change_action, change_user, change_time) VALUES ('ad93298a-b7fc-435c-a897-69daf04f37f7', '1b6ecbed-a3f3-430c-af28-c8bfc3393cb8', 'cadastreChange', 1, '2015-03-20 00:17:53.675', '2015-04-19', 'completed', 'complete', NULL, 0.00, 0.00, 0.00, 'a75de187-5446-4569-86ec-fafc31be05bd', 1, 'i', 'test', '2015-03-23 14:55:42.677');
INSERT INTO service (id, application_id, request_type_code, service_order, lodging_datetime, expected_completion_date, status_code, action_code, action_notes, base_fee, area_fee, value_fee, rowidentifier, rowversion, change_action, change_user, change_time) VALUES ('b023a1ca-fa6c-405c-b76c-8074f55727ca', '490a3140-3907-4495-93fa-26b7fae0ef9e', 'cadastreChange', 1, '2015-03-20 00:51:01.78', '2015-04-19', 'completed', 'complete', NULL, 0.00, 0.00, 0.00, '3bd1ee11-2742-4b48-bf2e-52cf17c69721', 1, 'i', 'test', '2015-03-23 14:55:42.697');
INSERT INTO service (id, application_id, request_type_code, service_order, lodging_datetime, expected_completion_date, status_code, action_code, action_notes, base_fee, area_fee, value_fee, rowidentifier, rowversion, change_action, change_user, change_time) VALUES ('930d415c-fad8-4e78-8ec6-b9d41b268ecd', '5b18b67d-e724-48ac-9b3a-12c7cd1a9657', 'cadastreChange', 1, '2015-03-20 01:18:38.915', '2015-04-19', 'completed', 'complete', NULL, 0.00, 0.00, 0.00, '8b6781ff-dc6e-46b8-ae3c-2ac47f11fe72', 1, 'i', 'test', '2015-03-23 14:55:42.697');
INSERT INTO service (id, application_id, request_type_code, service_order, lodging_datetime, expected_completion_date, status_code, action_code, action_notes, base_fee, area_fee, value_fee, rowidentifier, rowversion, change_action, change_user, change_time) VALUES ('c7b9bdca-d97a-4f7f-8688-6ca7176c8a0e', '00b1e4f3-4fa5-436b-8dde-01bd8b2530c3', 'systematicRegn', 1, '2015-03-20 13:00:28.487', '2015-06-18', 'completed', 'complete', NULL, 0.00, 0.00, 0.00, 'bc4774f0-890c-48bd-82ed-1a0d12044c78', 1, 'i', 'test', '2015-03-23 14:55:42.707');
INSERT INTO service (id, application_id, request_type_code, service_order, lodging_datetime, expected_completion_date, status_code, action_code, action_notes, base_fee, area_fee, value_fee, rowidentifier, rowversion, change_action, change_user, change_time) VALUES ('a3c54b21-52dc-4ae9-a046-0726f90c12cb', '8e841b21-87b1-4697-9d2d-b7c3d6dcde2b', 'systematicRegn', 1, '2015-03-20 12:58:24.595', '2015-06-18', 'completed', 'complete', NULL, 0.00, 0.00, 0.00, 'b4362555-5908-4e10-9f0f-6c9fa5ba48a2', 1, 'i', 'test', '2015-03-23 14:55:42.707');
INSERT INTO service (id, application_id, request_type_code, service_order, lodging_datetime, expected_completion_date, status_code, action_code, action_notes, base_fee, area_fee, value_fee, rowidentifier, rowversion, change_action, change_user, change_time) VALUES ('1b2e863b-7897-4b8f-969a-08aef29641f2', '21b9b9d1-8ab7-4e0f-bcdf-cacc77baa031', 'systematicRegn', 1, '2015-03-20 01:37:30.404', '2015-06-18', 'completed', 'complete', NULL, 0.00, 0.00, 0.00, 'e6169227-5b94-43ef-aceb-53ec7dfde765', 1, 'i', 'test', '2015-03-23 14:55:42.707');
INSERT INTO service (id, application_id, request_type_code, service_order, lodging_datetime, expected_completion_date, status_code, action_code, action_notes, base_fee, area_fee, value_fee, rowidentifier, rowversion, change_action, change_user, change_time) VALUES ('b24dcc43-9521-4b0b-8f61-46d5a4c609c2', '202f1b4b-000a-4866-8af4-c557ba20711b', 'systematicRegn', 1, '2015-03-20 09:21:37.586', '2015-06-18', 'completed', 'complete', NULL, 0.00, 0.00, 0.00, 'a31c35ce-a3fc-4180-94a8-2564faecfd10', 1, 'i', 'test', '2015-03-23 14:55:42.707');
INSERT INTO service (id, application_id, request_type_code, service_order, lodging_datetime, expected_completion_date, status_code, action_code, action_notes, base_fee, area_fee, value_fee, rowidentifier, rowversion, change_action, change_user, change_time) VALUES ('e8c7ff15-7504-407f-b051-3513ab8ed67c', '6739c2a7-6647-4ecb-bdfc-b449cd1b259c', 'systematicRegn', 1, '2015-03-20 09:19:47.946', '2015-06-18', 'completed', 'complete', NULL, 0.00, 0.00, 0.00, '0beb5007-f0ad-431e-bca0-21f45ff67fb6', 1, 'i', 'test', '2015-03-23 14:55:42.707');
INSERT INTO service (id, application_id, request_type_code, service_order, lodging_datetime, expected_completion_date, status_code, action_code, action_notes, base_fee, area_fee, value_fee, rowidentifier, rowversion, change_action, change_user, change_time) VALUES ('a50a20d6-83bc-4bf2-89a3-b18919cc3b38', '2e2b7ec1-55c8-402a-8d9f-7ad98c3a96c6', 'systematicRegn', 1, '2015-03-20 09:17:40.901', '2015-06-18', 'completed', 'complete', NULL, 0.00, 0.00, 0.00, '1aae4ae9-8050-44cc-bec8-de291b71e316', 1, 'i', 'test', '2015-03-23 14:55:42.717');
INSERT INTO service (id, application_id, request_type_code, service_order, lodging_datetime, expected_completion_date, status_code, action_code, action_notes, base_fee, area_fee, value_fee, rowidentifier, rowversion, change_action, change_user, change_time) VALUES ('7292e1c2-2b7a-4ecc-80ed-48974bb3632d', '0283bc32-040e-4e1b-9f08-cd2d32a2b111', 'systematicRegn', 1, '2015-03-20 09:15:23.817', '2015-06-18', 'completed', 'complete', NULL, 0.00, 0.00, 0.00, '6ffac119-8feb-4129-b5ca-12dbf60d05e0', 1, 'i', 'test', '2015-03-23 14:55:42.717');
INSERT INTO service (id, application_id, request_type_code, service_order, lodging_datetime, expected_completion_date, status_code, action_code, action_notes, base_fee, area_fee, value_fee, rowidentifier, rowversion, change_action, change_user, change_time) VALUES ('3f91b83e-289d-4432-b0ce-b7a225a73e91', '3df7d155-a0b8-4032-b236-5c3babfef666', 'systematicRegn', 1, '2015-03-20 09:13:18.502', '2015-06-18', 'completed', 'complete', NULL, 0.00, 0.00, 0.00, 'b61038e5-3227-42f5-9a38-33aabb38f400', 1, 'i', 'test', '2015-03-23 14:55:42.717');
INSERT INTO service (id, application_id, request_type_code, service_order, lodging_datetime, expected_completion_date, status_code, action_code, action_notes, base_fee, area_fee, value_fee, rowidentifier, rowversion, change_action, change_user, change_time) VALUES ('35d9d8f1-10ef-4a82-9fc3-81c7deb3bdc1', '6dc35568-aaa7-45e1-aadb-f3db4eded16e', 'systematicRegn', 1, '2015-03-20 09:10:47.894', '2015-06-18', 'completed', 'complete', NULL, 0.00, 0.00, 0.00, '15ccaff3-344b-4d5c-9c8c-4783487d12ed', 1, 'i', 'test', '2015-03-23 14:55:42.717');
INSERT INTO service (id, application_id, request_type_code, service_order, lodging_datetime, expected_completion_date, status_code, action_code, action_notes, base_fee, area_fee, value_fee, rowidentifier, rowversion, change_action, change_user, change_time) VALUES ('15778f28-b4d9-47af-be96-6d6a2441c909', 'c27849a6-1e85-4787-886c-c51b2977a718', 'systematicRegn', 1, '2015-03-20 09:04:01.466', '2015-06-18', 'completed', 'complete', NULL, 0.00, 0.00, 0.00, 'f990e2ab-fecc-485c-8fc5-eb1df631d56e', 1, 'i', 'test', '2015-03-23 14:55:42.717');
INSERT INTO service (id, application_id, request_type_code, service_order, lodging_datetime, expected_completion_date, status_code, action_code, action_notes, base_fee, area_fee, value_fee, rowidentifier, rowversion, change_action, change_user, change_time) VALUES ('ed3695fa-97dd-418f-a549-90ec5ac79e42', '15a6efbc-77e2-40be-823e-16b72ffd137a', 'systematicRegn', 1, '2015-03-20 09:01:50.532', '2015-06-18', 'completed', 'complete', NULL, 0.00, 0.00, 0.00, '141484f8-7b90-4964-af4b-5cf525f4359a', 1, 'i', 'test', '2015-03-23 14:55:42.717');
INSERT INTO service (id, application_id, request_type_code, service_order, lodging_datetime, expected_completion_date, status_code, action_code, action_notes, base_fee, area_fee, value_fee, rowidentifier, rowversion, change_action, change_user, change_time) VALUES ('7f7f12ef-65d0-4878-be1a-e238e0a3b9c3', 'd6492c3d-7433-4bc0-9f4c-6d527cabc893', 'systematicRegn', 1, '2015-03-20 08:58:49.261', '2015-06-18', 'completed', 'complete', NULL, 0.00, 0.00, 0.00, 'f13563cc-7529-423b-aa2a-d1dfeae3ea9c', 1, 'i', 'test', '2015-03-23 14:55:42.717');
INSERT INTO service (id, application_id, request_type_code, service_order, lodging_datetime, expected_completion_date, status_code, action_code, action_notes, base_fee, area_fee, value_fee, rowidentifier, rowversion, change_action, change_user, change_time) VALUES ('a77d6e67-de64-426c-a778-971b3334a39a', '40e6bf8e-f159-4c09-9194-0df47accf948', 'systematicRegn', 1, '2015-03-20 08:51:18.057', '2015-06-18', 'completed', 'complete', NULL, 0.00, 0.00, 0.00, 'dce2dd7c-e601-4806-800d-9dfa528921cc', 1, 'i', 'test', '2015-03-23 14:55:42.717');
INSERT INTO service (id, application_id, request_type_code, service_order, lodging_datetime, expected_completion_date, status_code, action_code, action_notes, base_fee, area_fee, value_fee, rowidentifier, rowversion, change_action, change_user, change_time) VALUES ('425a24e7-fb3b-4d81-9c72-3021aaed1af1', '32c60da2-8f82-4641-84ec-04d27bc7590c', 'systematicRegn', 1, '2015-03-20 08:45:46.584', '2015-06-18', 'completed', 'complete', NULL, 0.00, 0.00, 0.00, '36c787d9-2a54-412f-af23-ca8cfe0469b9', 1, 'i', 'test', '2015-03-23 14:55:42.727');
INSERT INTO service (id, application_id, request_type_code, service_order, lodging_datetime, expected_completion_date, status_code, action_code, action_notes, base_fee, area_fee, value_fee, rowidentifier, rowversion, change_action, change_user, change_time) VALUES ('27742d55-2401-4886-8f51-93174b859ad6', '20f215e6-2362-421a-a0be-97eee51a1ddb', 'systematicRegn', 1, '2015-03-20 08:43:11.663', '2015-06-18', 'completed', 'complete', NULL, 0.00, 0.00, 0.00, 'cd8f40eb-7d48-4704-87f6-784e61614623', 1, 'i', 'test', '2015-03-23 14:55:42.727');
INSERT INTO service (id, application_id, request_type_code, service_order, lodging_datetime, expected_completion_date, status_code, action_code, action_notes, base_fee, area_fee, value_fee, rowidentifier, rowversion, change_action, change_user, change_time) VALUES ('350e9c87-9bea-459e-85a3-b9b2661a6a6e', '85f6153e-974e-46c1-a6bd-5fd450ebc330', 'systematicRegn', 1, '2015-03-20 02:08:08.23', '2015-06-18', 'completed', 'complete', NULL, 0.00, 0.00, 0.00, 'e0c4eefc-73ac-4367-b298-92f6f54edec2', 1, 'i', 'test', '2015-03-23 14:55:42.727');
INSERT INTO service (id, application_id, request_type_code, service_order, lodging_datetime, expected_completion_date, status_code, action_code, action_notes, base_fee, area_fee, value_fee, rowidentifier, rowversion, change_action, change_user, change_time) VALUES ('b0e1f472-ced9-4afb-a72c-b2e042961fc7', '363c5cab-32c8-49b9-91b9-f223a5324aa8', 'systematicRegn', 1, '2015-03-20 02:02:55.438', '2015-06-18', 'completed', 'complete', NULL, 0.00, 0.00, 0.00, 'f7cab173-6415-428f-9c73-cbe736374745', 1, 'i', 'test', '2015-03-23 14:55:42.727');
INSERT INTO service (id, application_id, request_type_code, service_order, lodging_datetime, expected_completion_date, status_code, action_code, action_notes, base_fee, area_fee, value_fee, rowidentifier, rowversion, change_action, change_user, change_time) VALUES ('d67d1d28-8b24-4ea8-a11d-9c9f3b74cfac', '9aa2eddc-c896-4eeb-a7bb-7a8c8f6bfe36', 'systematicRegn', 1, '2015-03-20 01:54:16.089', '2015-06-18', 'completed', 'complete', NULL, 0.00, 0.00, 0.00, '7e843dfe-dab8-42e2-9bf3-5dd34bc11cf4', 1, 'i', 'test', '2015-03-23 14:55:42.727');
INSERT INTO service (id, application_id, request_type_code, service_order, lodging_datetime, expected_completion_date, status_code, action_code, action_notes, base_fee, area_fee, value_fee, rowidentifier, rowversion, change_action, change_user, change_time) VALUES ('840b455c-302b-477f-b205-b7ffe1c1457a', 'c94491c1-66d3-448c-a668-40dde677e19e', 'systematicRegn', 1, '2015-03-20 01:52:08.718', '2015-06-18', 'completed', 'complete', NULL, 0.00, 0.00, 0.00, 'db37f888-29a7-4302-af52-723bf0984d12', 1, 'i', 'test', '2015-03-23 14:55:42.727');
INSERT INTO service (id, application_id, request_type_code, service_order, lodging_datetime, expected_completion_date, status_code, action_code, action_notes, base_fee, area_fee, value_fee, rowidentifier, rowversion, change_action, change_user, change_time) VALUES ('bd4740df-e4bc-45fa-8cce-94bcb8cf11d8', '8b3438aa-a61e-439e-b205-0c8dd3403ee5', 'systematicRegn', 1, '2015-03-20 01:49:18.346', '2015-06-18', 'completed', 'complete', NULL, 0.00, 0.00, 0.00, '479c7e01-ccb9-4e26-b433-285f35a7d20d', 1, 'i', 'test', '2015-03-23 14:55:42.727');
INSERT INTO service (id, application_id, request_type_code, service_order, lodging_datetime, expected_completion_date, status_code, action_code, action_notes, base_fee, area_fee, value_fee, rowidentifier, rowversion, change_action, change_user, change_time) VALUES ('57572f48-470e-44e7-9e64-e93b2c1a2366', 'a853a949-542f-4de1-8fb6-7c94e682c09a', 'systematicRegn', 1, '2015-03-20 01:44:33.292', '2015-06-18', 'completed', 'complete', NULL, 0.00, 0.00, 0.00, 'af608308-aa4c-4159-b282-b41a77ea0f18', 1, 'i', 'test', '2015-03-23 14:55:42.737');
INSERT INTO service (id, application_id, request_type_code, service_order, lodging_datetime, expected_completion_date, status_code, action_code, action_notes, base_fee, area_fee, value_fee, rowidentifier, rowversion, change_action, change_user, change_time) VALUES ('9f0aebb0-f9fd-4bd2-beab-64c3c8e03962', '2a69de6c-bb2c-4eb4-9a0e-e7190c3efbf2', 'systematicRegn', 1, '2015-03-20 01:40:44.905', '2015-06-18', 'completed', 'complete', NULL, 0.00, 0.00, 0.00, '7f383696-8829-4238-8324-87a341df615e', 1, 'i', 'test', '2015-03-23 14:55:42.737');
INSERT INTO service (id, application_id, request_type_code, service_order, lodging_datetime, expected_completion_date, status_code, action_code, action_notes, base_fee, area_fee, value_fee, rowidentifier, rowversion, change_action, change_user, change_time) VALUES ('822cb196-753b-46dd-ad6a-f5816ef49647', NULL, 'cadastrePrint', 0, '2015-03-20 10:32:45.215', '2015-03-20', 'completed', 'complete', NULL, 0.00, 0.00, 0.00, '5df6ad3e-a63c-4c27-84a7-e24bdbe441c3', 1, 'i', 'test', '2015-03-23 14:55:42.737');
INSERT INTO service (id, application_id, request_type_code, service_order, lodging_datetime, expected_completion_date, status_code, action_code, action_notes, base_fee, area_fee, value_fee, rowidentifier, rowversion, change_action, change_user, change_time) VALUES ('712acf5d-34b0-4dd9-ad0d-31df1929fe22', NULL, 'cadastrePrint', 0, '2015-03-20 10:33:34.958', '2015-03-20', 'completed', 'complete', NULL, 0.00, 0.00, 0.00, '9276d9ce-2d3f-4d20-815d-41f7cd4db9e4', 1, 'i', 'test', '2015-03-23 14:55:42.737');
INSERT INTO service (id, application_id, request_type_code, service_order, lodging_datetime, expected_completion_date, status_code, action_code, action_notes, base_fee, area_fee, value_fee, rowidentifier, rowversion, change_action, change_user, change_time) VALUES ('7d7ad82a-7251-45ee-b23f-8b00e2ecff62', NULL, 'cadastrePrint', 0, '2015-03-20 10:34:14.092', '2015-03-20', 'completed', 'complete', NULL, 0.00, 0.00, 0.00, '1f95be9b-1f5b-4593-b835-4330ca809e96', 1, 'i', 'test', '2015-03-23 14:55:42.737');
INSERT INTO service (id, application_id, request_type_code, service_order, lodging_datetime, expected_completion_date, status_code, action_code, action_notes, base_fee, area_fee, value_fee, rowidentifier, rowversion, change_action, change_user, change_time) VALUES ('d8a2f35b-8d94-43bb-aab2-d145ece54f46', NULL, 'cadastrePrint', 0, '2015-03-20 10:50:01.815', '2015-03-20', 'completed', 'complete', NULL, 0.00, 0.00, 0.00, '094ba65a-4b4f-4e41-9ec1-9ab004ef896c', 1, 'i', 'test', '2015-03-23 14:55:42.737');
INSERT INTO service (id, application_id, request_type_code, service_order, lodging_datetime, expected_completion_date, status_code, action_code, action_notes, base_fee, area_fee, value_fee, rowidentifier, rowversion, change_action, change_user, change_time) VALUES ('e99b4092-eb5d-4c7e-8bb6-aeff7b2d2724', NULL, 'cadastrePrint', 0, '2015-03-20 10:50:32.903', '2015-03-20', 'completed', 'complete', NULL, 0.00, 0.00, 0.00, '31989392-ba1f-47cb-9f11-20070417b236', 1, 'i', 'test', '2015-03-23 14:55:42.737');
INSERT INTO service (id, application_id, request_type_code, service_order, lodging_datetime, expected_completion_date, status_code, action_code, action_notes, base_fee, area_fee, value_fee, rowidentifier, rowversion, change_action, change_user, change_time) VALUES ('aaeb3acf-295c-45ee-8299-160ed0e90ec3', NULL, 'cadastrePrint', 0, '2015-03-20 10:51:19.846', '2015-03-20', 'completed', 'complete', NULL, 0.00, 0.00, 0.00, 'c5377524-4b72-45c1-b565-9d8513db51f6', 1, 'i', 'test', '2015-03-23 14:55:42.737');
INSERT INTO service (id, application_id, request_type_code, service_order, lodging_datetime, expected_completion_date, status_code, action_code, action_notes, base_fee, area_fee, value_fee, rowidentifier, rowversion, change_action, change_user, change_time) VALUES ('17968d83-1a96-46f9-b832-0170fa1fb743', NULL, 'cadastrePrint', 0, '2015-03-20 10:52:22.224', '2015-03-20', 'completed', 'complete', NULL, 0.00, 0.00, 0.00, '1628c5ef-d874-4ded-8a06-a49bcd112479', 1, 'i', 'test', '2015-03-23 14:55:42.747');
INSERT INTO service (id, application_id, request_type_code, service_order, lodging_datetime, expected_completion_date, status_code, action_code, action_notes, base_fee, area_fee, value_fee, rowidentifier, rowversion, change_action, change_user, change_time) VALUES ('5093f09b-85ac-4d4d-a14f-ee9c60dfb2df', NULL, 'cadastrePrint', 0, '2015-03-20 10:53:29.55', '2015-03-20', 'completed', 'complete', NULL, 0.00, 0.00, 0.00, '3e26ba9c-12a2-4c53-91a8-4863007cffc0', 1, 'i', 'test', '2015-03-23 14:55:42.747');
INSERT INTO service (id, application_id, request_type_code, service_order, lodging_datetime, expected_completion_date, status_code, action_code, action_notes, base_fee, area_fee, value_fee, rowidentifier, rowversion, change_action, change_user, change_time) VALUES ('cd5b1187-3ae7-4064-91e7-7819c280c6d1', '7c7a2e7c-ddfb-4ff2-890d-9f7b7e39cc4d', 'systematicRegn', 1, '2015-03-20 13:07:23.036', '2015-06-18', 'completed', 'complete', NULL, 0.00, 0.00, 0.00, '25de6cb6-fc45-4dbd-9647-a5aa07152127', 1, 'i', 'test', '2015-03-23 14:55:42.747');
INSERT INTO service (id, application_id, request_type_code, service_order, lodging_datetime, expected_completion_date, status_code, action_code, action_notes, base_fee, area_fee, value_fee, rowidentifier, rowversion, change_action, change_user, change_time) VALUES ('538cbc46-bd3b-40f4-87bd-0e7f3afbbabd', '875e6460-c597-4147-ace6-e0fdd1f80c09', 'systematicRegn', 1, '2015-03-20 13:05:13.238', '2015-06-18', 'completed', 'complete', NULL, 0.00, 0.00, 0.00, 'f6102a9c-138b-433b-a11f-272cbd0d8ea0', 1, 'i', 'test', '2015-03-23 14:55:42.747');
INSERT INTO service (id, application_id, request_type_code, service_order, lodging_datetime, expected_completion_date, status_code, action_code, action_notes, base_fee, area_fee, value_fee, rowidentifier, rowversion, change_action, change_user, change_time) VALUES ('c33b9cd0-b109-41ed-a0e0-7c911b39aaa0', 'be391b04-b7cd-4136-a27a-bca634cc1da1', 'systematicRegn', 1, '2015-03-20 13:02:28.644', '2015-06-18', 'completed', 'complete', NULL, 0.00, 0.00, 0.00, '1b90bf3f-55cb-4f25-af6a-710ae4412d9a', 1, 'i', 'test', '2015-03-23 14:55:42.747');
INSERT INTO service (id, application_id, request_type_code, service_order, lodging_datetime, expected_completion_date, status_code, action_code, action_notes, base_fee, area_fee, value_fee, rowidentifier, rowversion, change_action, change_user, change_time) VALUES ('3cde223f-8b05-4f32-bd3f-e718540b7f52', NULL, 'cadastrePrint', 0, '2015-03-20 13:22:05.214', '2015-03-20', 'completed', 'complete', NULL, 0.00, 0.00, 0.00, '14bad832-6eb0-4765-a779-f0e01fdb6db6', 1, 'i', 'test', '2015-03-23 14:55:42.747');
INSERT INTO service (id, application_id, request_type_code, service_order, lodging_datetime, expected_completion_date, status_code, action_code, action_notes, base_fee, area_fee, value_fee, rowidentifier, rowversion, change_action, change_user, change_time) VALUES ('3ac77d31-a509-4d64-9b28-06b2648110fc', NULL, 'cadastrePrint', 0, '2015-03-20 13:22:50.995', '2015-03-20', 'completed', 'complete', NULL, 0.00, 0.00, 0.00, '459bc6f1-7fab-47d3-886f-5b8393c8bab9', 1, 'i', 'test', '2015-03-23 14:55:42.747');
INSERT INTO service (id, application_id, request_type_code, service_order, lodging_datetime, expected_completion_date, status_code, action_code, action_notes, base_fee, area_fee, value_fee, rowidentifier, rowversion, change_action, change_user, change_time) VALUES ('3802662e-7589-4283-a799-5bf2c49f3987', NULL, 'cadastrePrint', 0, '2015-03-20 13:23:34.482', '2015-03-20', 'completed', 'complete', NULL, 0.00, 0.00, 0.00, '417c67a6-ab6b-4956-a7f1-117749677ed4', 1, 'i', 'test', '2015-03-23 14:55:42.757');
INSERT INTO service (id, application_id, request_type_code, service_order, lodging_datetime, expected_completion_date, status_code, action_code, action_notes, base_fee, area_fee, value_fee, rowidentifier, rowversion, change_action, change_user, change_time) VALUES ('522eb242-e1bb-4379-b591-1a8e8e7ec6b7', NULL, 'cadastrePrint', 0, '2015-03-20 13:24:19.875', '2015-03-20', 'completed', 'complete', NULL, 0.00, 0.00, 0.00, 'd6661a7e-12de-4925-996d-603c02085853', 1, 'i', 'test', '2015-03-23 14:55:42.757');
INSERT INTO service (id, application_id, request_type_code, service_order, lodging_datetime, expected_completion_date, status_code, action_code, action_notes, base_fee, area_fee, value_fee, rowidentifier, rowversion, change_action, change_user, change_time) VALUES ('d2fb8a9f-f9af-4a16-8933-4683256f7e90', '65d43ff2-4be7-4599-ae44-c9669f84e2f5', 'systematicRegn', 1, '2015-03-20 13:41:53.449', '2015-06-18', 'completed', 'complete', NULL, 0.00, 0.00, 0.00, 'b97c0142-918f-4bc9-a5e6-377454249a31', 1, 'i', 'test', '2015-03-23 14:55:42.757');
INSERT INTO service (id, application_id, request_type_code, service_order, lodging_datetime, expected_completion_date, status_code, action_code, action_notes, base_fee, area_fee, value_fee, rowidentifier, rowversion, change_action, change_user, change_time) VALUES ('736bca4a-fd8f-4c03-8eac-795e760afbe5', '215cf4e0-b59c-4401-a3f8-892856a3029c', 'systematicRegn', 1, '2015-03-20 13:39:13.564', '2015-06-18', 'completed', 'complete', NULL, 0.00, 0.00, 0.00, '3a5988d8-9e6b-4982-b1fa-1ca6b56b0ebc', 1, 'i', 'test', '2015-03-23 14:55:42.757');
INSERT INTO service (id, application_id, request_type_code, service_order, lodging_datetime, expected_completion_date, status_code, action_code, action_notes, base_fee, area_fee, value_fee, rowidentifier, rowversion, change_action, change_user, change_time) VALUES ('ea0d816c-3318-4ea6-8d33-967abb3bce93', '07b01c84-3acf-4dee-a2c1-3d8da7e912d1', 'systematicRegn', 1, '2015-03-20 13:36:06.25', '2015-06-18', 'completed', 'complete', NULL, 0.00, 0.00, 0.00, 'a7f8e4bc-0735-4bec-bda8-69ec8aba462d', 1, 'i', 'test', '2015-03-23 14:55:42.757');
INSERT INTO service (id, application_id, request_type_code, service_order, lodging_datetime, expected_completion_date, status_code, action_code, action_notes, base_fee, area_fee, value_fee, rowidentifier, rowversion, change_action, change_user, change_time) VALUES ('a3d91724-cc23-4f05-b39e-9eb0a0d36fd6', '4355bd2f-aa04-41d9-9fb8-02b733acc1f9', 'systematicRegn', 1, '2015-03-20 13:34:22.746', '2015-06-18', 'completed', 'complete', NULL, 0.00, 0.00, 0.00, 'c6cd4ceb-9f81-4f04-bf7e-ad75f757b157', 1, 'i', 'test', '2015-03-23 14:55:42.777');
INSERT INTO service (id, application_id, request_type_code, service_order, lodging_datetime, expected_completion_date, status_code, action_code, action_notes, base_fee, area_fee, value_fee, rowidentifier, rowversion, change_action, change_user, change_time) VALUES ('f25b949d-ab78-42ec-b781-b4f4fb0fe7b6', NULL, 'cadastrePrint', 0, '2015-03-20 13:48:31.513', '2015-03-20', 'completed', 'complete', NULL, 0.00, 0.00, 0.00, '083a8c11-34ad-4291-9a16-6f34dd1c7b02', 1, 'i', 'test', '2015-03-23 14:55:42.777');
INSERT INTO service (id, application_id, request_type_code, service_order, lodging_datetime, expected_completion_date, status_code, action_code, action_notes, base_fee, area_fee, value_fee, rowidentifier, rowversion, change_action, change_user, change_time) VALUES ('8f33a3e3-9107-41bf-ae9b-50e4706efcd2', NULL, 'cadastrePrint', 0, '2015-03-20 13:55:41.657', '2015-03-20', 'completed', 'complete', NULL, 0.00, 0.00, 0.00, 'd1ea96a6-c460-4bda-b365-c675161f85eb', 1, 'i', 'test', '2015-03-23 14:55:42.777');
INSERT INTO service (id, application_id, request_type_code, service_order, lodging_datetime, expected_completion_date, status_code, action_code, action_notes, base_fee, area_fee, value_fee, rowidentifier, rowversion, change_action, change_user, change_time) VALUES ('2d9bb229-0963-47da-816a-5090270faca2', '8f30afc4-80d1-432f-9785-0a1f1e854cc7', 'systematicRegn', 1, '2015-03-20 14:13:24.584', '2015-06-18', 'lodged', 'lodge', NULL, 0.00, 0.00, 0.00, '58310264-19c6-4929-955d-e7eff4ebee51', 1, 'i', 'test', '2015-03-23 14:55:42.777');
INSERT INTO service (id, application_id, request_type_code, service_order, lodging_datetime, expected_completion_date, status_code, action_code, action_notes, base_fee, area_fee, value_fee, rowidentifier, rowversion, change_action, change_user, change_time) VALUES ('26566ea9-bd4c-4615-b8fe-e8482cdc3932', '1808f72f-4bbd-44e5-89a4-fbe36dae0a29', 'systematicRegn', 1, '2015-03-20 14:15:31.624', '2015-06-18', 'lodged', 'lodge', NULL, 0.00, 0.00, 0.00, 'f1a2d47a-f987-4288-b90c-458582995831', 1, 'i', 'test', '2015-03-23 14:55:42.777');


ALTER TABLE service ENABLE TRIGGER ALL;

--
-- TOC entry 4044 (class 0 OID 403283)
-- Dependencies: 218
-- Data for Name: service_historic; Type: TABLE DATA; Schema: application; Owner: postgres
--

ALTER TABLE service_historic DISABLE TRIGGER ALL;

INSERT INTO service_historic (id, application_id, request_type_code, service_order, lodging_datetime, expected_completion_date, status_code, action_code, action_notes, base_fee, area_fee, value_fee, rowidentifier, rowversion, change_action, change_user, change_time, change_time_valid_until) VALUES ('ad93298a-b7fc-435c-a897-69daf04f37f7', '1b6ecbed-a3f3-430c-af28-c8bfc3393cb8', 'cadastreChange', 1, '2015-03-20 00:17:53.675', '2015-04-19', 'lodged', 'lodge', NULL, 0.00, 0.00, 0.00, 'a75de187-5446-4569-86ec-fafc31be05bd', 1, 'i', 'test', '2015-03-20 00:17:53.562', '2015-03-20 00:18:14.306');
INSERT INTO service_historic (id, application_id, request_type_code, service_order, lodging_datetime, expected_completion_date, status_code, action_code, action_notes, base_fee, area_fee, value_fee, rowidentifier, rowversion, change_action, change_user, change_time, change_time_valid_until) VALUES ('ad93298a-b7fc-435c-a897-69daf04f37f7', '1b6ecbed-a3f3-430c-af28-c8bfc3393cb8', 'cadastreChange', 1, '2015-03-20 00:17:53.675', '2015-04-19', 'pending', 'start', NULL, 0.00, 0.00, 0.00, 'a75de187-5446-4569-86ec-fafc31be05bd', 2, 'u', 'test', '2015-03-20 00:18:14.306', '2015-03-20 00:49:07.633');
INSERT INTO service_historic (id, application_id, request_type_code, service_order, lodging_datetime, expected_completion_date, status_code, action_code, action_notes, base_fee, area_fee, value_fee, rowidentifier, rowversion, change_action, change_user, change_time, change_time_valid_until) VALUES ('b023a1ca-fa6c-405c-b76c-8074f55727ca', '490a3140-3907-4495-93fa-26b7fae0ef9e', 'cadastreChange', 1, '2015-03-20 00:51:01.78', '2015-04-19', 'lodged', 'lodge', NULL, 0.00, 0.00, 0.00, '3bd1ee11-2742-4b48-bf2e-52cf17c69721', 1, 'i', 'test', '2015-03-20 00:51:01.773', '2015-03-20 00:51:23.556');
INSERT INTO service_historic (id, application_id, request_type_code, service_order, lodging_datetime, expected_completion_date, status_code, action_code, action_notes, base_fee, area_fee, value_fee, rowidentifier, rowversion, change_action, change_user, change_time, change_time_valid_until) VALUES ('b023a1ca-fa6c-405c-b76c-8074f55727ca', '490a3140-3907-4495-93fa-26b7fae0ef9e', 'cadastreChange', 1, '2015-03-20 00:51:01.78', '2015-04-19', 'pending', 'start', NULL, 0.00, 0.00, 0.00, '3bd1ee11-2742-4b48-bf2e-52cf17c69721', 2, 'u', 'test', '2015-03-20 00:51:23.556', '2015-03-20 01:15:11.169');
INSERT INTO service_historic (id, application_id, request_type_code, service_order, lodging_datetime, expected_completion_date, status_code, action_code, action_notes, base_fee, area_fee, value_fee, rowidentifier, rowversion, change_action, change_user, change_time, change_time_valid_until) VALUES ('930d415c-fad8-4e78-8ec6-b9d41b268ecd', '5b18b67d-e724-48ac-9b3a-12c7cd1a9657', 'cadastreChange', 1, '2015-03-20 01:18:38.915', '2015-04-19', 'lodged', 'lodge', NULL, 0.00, 0.00, 0.00, '8b6781ff-dc6e-46b8-ae3c-2ac47f11fe72', 1, 'i', 'test', '2015-03-20 01:18:38.906', '2015-03-20 01:18:57.812');
INSERT INTO service_historic (id, application_id, request_type_code, service_order, lodging_datetime, expected_completion_date, status_code, action_code, action_notes, base_fee, area_fee, value_fee, rowidentifier, rowversion, change_action, change_user, change_time, change_time_valid_until) VALUES ('930d415c-fad8-4e78-8ec6-b9d41b268ecd', '5b18b67d-e724-48ac-9b3a-12c7cd1a9657', 'cadastreChange', 1, '2015-03-20 01:18:38.915', '2015-04-19', 'pending', 'start', NULL, 0.00, 0.00, 0.00, '8b6781ff-dc6e-46b8-ae3c-2ac47f11fe72', 2, 'u', 'test', '2015-03-20 01:18:57.812', '2015-03-20 01:29:38.811');
INSERT INTO service_historic (id, application_id, request_type_code, service_order, lodging_datetime, expected_completion_date, status_code, action_code, action_notes, base_fee, area_fee, value_fee, rowidentifier, rowversion, change_action, change_user, change_time, change_time_valid_until) VALUES ('1b2e863b-7897-4b8f-969a-08aef29641f2', '21b9b9d1-8ab7-4e0f-bcdf-cacc77baa031', 'systematicRegn', 1, '2015-03-20 01:37:30.404', '2015-06-18', 'lodged', 'lodge', NULL, 0.00, 0.00, 0.00, 'e6169227-5b94-43ef-aceb-53ec7dfde765', 1, 'i', 'test', '2015-03-20 01:37:30.36', '2015-03-20 09:22:10.903');
INSERT INTO service_historic (id, application_id, request_type_code, service_order, lodging_datetime, expected_completion_date, status_code, action_code, action_notes, base_fee, area_fee, value_fee, rowidentifier, rowversion, change_action, change_user, change_time, change_time_valid_until) VALUES ('1b2e863b-7897-4b8f-969a-08aef29641f2', '21b9b9d1-8ab7-4e0f-bcdf-cacc77baa031', 'systematicRegn', 1, '2015-03-20 01:37:30.404', '2015-06-18', 'pending', 'start', NULL, 0.00, 0.00, 0.00, 'e6169227-5b94-43ef-aceb-53ec7dfde765', 2, 'u', 'test', '2015-03-20 09:22:10.903', '2015-03-20 09:24:36.453');
INSERT INTO service_historic (id, application_id, request_type_code, service_order, lodging_datetime, expected_completion_date, status_code, action_code, action_notes, base_fee, area_fee, value_fee, rowidentifier, rowversion, change_action, change_user, change_time, change_time_valid_until) VALUES ('b24dcc43-9521-4b0b-8f61-46d5a4c609c2', '202f1b4b-000a-4866-8af4-c557ba20711b', 'systematicRegn', 1, '2015-03-20 09:21:37.586', '2015-06-18', 'lodged', 'lodge', NULL, 0.00, 0.00, 0.00, 'a31c35ce-a3fc-4180-94a8-2564faecfd10', 1, 'i', 'test', '2015-03-20 09:21:37.581', '2015-03-20 09:52:12.966');
INSERT INTO service_historic (id, application_id, request_type_code, service_order, lodging_datetime, expected_completion_date, status_code, action_code, action_notes, base_fee, area_fee, value_fee, rowidentifier, rowversion, change_action, change_user, change_time, change_time_valid_until) VALUES ('b24dcc43-9521-4b0b-8f61-46d5a4c609c2', '202f1b4b-000a-4866-8af4-c557ba20711b', 'systematicRegn', 1, '2015-03-20 09:21:37.586', '2015-06-18', 'pending', 'start', NULL, 0.00, 0.00, 0.00, 'a31c35ce-a3fc-4180-94a8-2564faecfd10', 2, 'u', 'test', '2015-03-20 09:52:12.966', '2015-03-20 09:53:52.49');
INSERT INTO service_historic (id, application_id, request_type_code, service_order, lodging_datetime, expected_completion_date, status_code, action_code, action_notes, base_fee, area_fee, value_fee, rowidentifier, rowversion, change_action, change_user, change_time, change_time_valid_until) VALUES ('e8c7ff15-7504-407f-b051-3513ab8ed67c', '6739c2a7-6647-4ecb-bdfc-b449cd1b259c', 'systematicRegn', 1, '2015-03-20 09:19:47.946', '2015-06-18', 'lodged', 'lodge', NULL, 0.00, 0.00, 0.00, '0beb5007-f0ad-431e-bca0-21f45ff67fb6', 1, 'i', 'test', '2015-03-20 09:19:47.94', '2015-03-20 09:54:09.707');
INSERT INTO service_historic (id, application_id, request_type_code, service_order, lodging_datetime, expected_completion_date, status_code, action_code, action_notes, base_fee, area_fee, value_fee, rowidentifier, rowversion, change_action, change_user, change_time, change_time_valid_until) VALUES ('e8c7ff15-7504-407f-b051-3513ab8ed67c', '6739c2a7-6647-4ecb-bdfc-b449cd1b259c', 'systematicRegn', 1, '2015-03-20 09:19:47.946', '2015-06-18', 'pending', 'start', NULL, 0.00, 0.00, 0.00, '0beb5007-f0ad-431e-bca0-21f45ff67fb6', 2, 'u', 'test', '2015-03-20 09:54:09.707', '2015-03-20 09:55:23.713');
INSERT INTO service_historic (id, application_id, request_type_code, service_order, lodging_datetime, expected_completion_date, status_code, action_code, action_notes, base_fee, area_fee, value_fee, rowidentifier, rowversion, change_action, change_user, change_time, change_time_valid_until) VALUES ('a50a20d6-83bc-4bf2-89a3-b18919cc3b38', '2e2b7ec1-55c8-402a-8d9f-7ad98c3a96c6', 'systematicRegn', 1, '2015-03-20 09:17:40.901', '2015-06-18', 'lodged', 'lodge', NULL, 0.00, 0.00, 0.00, '1aae4ae9-8050-44cc-bec8-de291b71e316', 1, 'i', 'test', '2015-03-20 09:17:40.896', '2015-03-20 09:55:39.262');
INSERT INTO service_historic (id, application_id, request_type_code, service_order, lodging_datetime, expected_completion_date, status_code, action_code, action_notes, base_fee, area_fee, value_fee, rowidentifier, rowversion, change_action, change_user, change_time, change_time_valid_until) VALUES ('a50a20d6-83bc-4bf2-89a3-b18919cc3b38', '2e2b7ec1-55c8-402a-8d9f-7ad98c3a96c6', 'systematicRegn', 1, '2015-03-20 09:17:40.901', '2015-06-18', 'pending', 'start', NULL, 0.00, 0.00, 0.00, '1aae4ae9-8050-44cc-bec8-de291b71e316', 2, 'u', 'test', '2015-03-20 09:55:39.262', '2015-03-20 09:57:09.567');
INSERT INTO service_historic (id, application_id, request_type_code, service_order, lodging_datetime, expected_completion_date, status_code, action_code, action_notes, base_fee, area_fee, value_fee, rowidentifier, rowversion, change_action, change_user, change_time, change_time_valid_until) VALUES ('7292e1c2-2b7a-4ecc-80ed-48974bb3632d', '0283bc32-040e-4e1b-9f08-cd2d32a2b111', 'systematicRegn', 1, '2015-03-20 09:15:23.817', '2015-06-18', 'lodged', 'lodge', NULL, 0.00, 0.00, 0.00, '6ffac119-8feb-4129-b5ca-12dbf60d05e0', 1, 'i', 'test', '2015-03-20 09:15:23.811', '2015-03-20 09:57:34.095');
INSERT INTO service_historic (id, application_id, request_type_code, service_order, lodging_datetime, expected_completion_date, status_code, action_code, action_notes, base_fee, area_fee, value_fee, rowidentifier, rowversion, change_action, change_user, change_time, change_time_valid_until) VALUES ('7292e1c2-2b7a-4ecc-80ed-48974bb3632d', '0283bc32-040e-4e1b-9f08-cd2d32a2b111', 'systematicRegn', 1, '2015-03-20 09:15:23.817', '2015-06-18', 'pending', 'start', NULL, 0.00, 0.00, 0.00, '6ffac119-8feb-4129-b5ca-12dbf60d05e0', 2, 'u', 'test', '2015-03-20 09:57:34.095', '2015-03-20 09:58:27.308');
INSERT INTO service_historic (id, application_id, request_type_code, service_order, lodging_datetime, expected_completion_date, status_code, action_code, action_notes, base_fee, area_fee, value_fee, rowidentifier, rowversion, change_action, change_user, change_time, change_time_valid_until) VALUES ('3f91b83e-289d-4432-b0ce-b7a225a73e91', '3df7d155-a0b8-4032-b236-5c3babfef666', 'systematicRegn', 1, '2015-03-20 09:13:18.502', '2015-06-18', 'lodged', 'lodge', NULL, 0.00, 0.00, 0.00, 'b61038e5-3227-42f5-9a38-33aabb38f400', 1, 'i', 'test', '2015-03-20 09:13:18.496', '2015-03-20 09:58:57.727');
INSERT INTO service_historic (id, application_id, request_type_code, service_order, lodging_datetime, expected_completion_date, status_code, action_code, action_notes, base_fee, area_fee, value_fee, rowidentifier, rowversion, change_action, change_user, change_time, change_time_valid_until) VALUES ('3f91b83e-289d-4432-b0ce-b7a225a73e91', '3df7d155-a0b8-4032-b236-5c3babfef666', 'systematicRegn', 1, '2015-03-20 09:13:18.502', '2015-06-18', 'pending', 'start', NULL, 0.00, 0.00, 0.00, 'b61038e5-3227-42f5-9a38-33aabb38f400', 2, 'u', 'test', '2015-03-20 09:58:57.727', '2015-03-20 09:59:49.495');
INSERT INTO service_historic (id, application_id, request_type_code, service_order, lodging_datetime, expected_completion_date, status_code, action_code, action_notes, base_fee, area_fee, value_fee, rowidentifier, rowversion, change_action, change_user, change_time, change_time_valid_until) VALUES ('35d9d8f1-10ef-4a82-9fc3-81c7deb3bdc1', '6dc35568-aaa7-45e1-aadb-f3db4eded16e', 'systematicRegn', 1, '2015-03-20 09:10:47.894', '2015-06-18', 'lodged', 'lodge', NULL, 0.00, 0.00, 0.00, '15ccaff3-344b-4d5c-9c8c-4783487d12ed', 1, 'i', 'test', '2015-03-20 09:10:47.886', '2015-03-20 10:00:51.79');
INSERT INTO service_historic (id, application_id, request_type_code, service_order, lodging_datetime, expected_completion_date, status_code, action_code, action_notes, base_fee, area_fee, value_fee, rowidentifier, rowversion, change_action, change_user, change_time, change_time_valid_until) VALUES ('35d9d8f1-10ef-4a82-9fc3-81c7deb3bdc1', '6dc35568-aaa7-45e1-aadb-f3db4eded16e', 'systematicRegn', 1, '2015-03-20 09:10:47.894', '2015-06-18', 'pending', 'start', NULL, 0.00, 0.00, 0.00, '15ccaff3-344b-4d5c-9c8c-4783487d12ed', 2, 'u', 'test', '2015-03-20 10:00:51.79', '2015-03-20 10:01:54.155');
INSERT INTO service_historic (id, application_id, request_type_code, service_order, lodging_datetime, expected_completion_date, status_code, action_code, action_notes, base_fee, area_fee, value_fee, rowidentifier, rowversion, change_action, change_user, change_time, change_time_valid_until) VALUES ('15778f28-b4d9-47af-be96-6d6a2441c909', 'c27849a6-1e85-4787-886c-c51b2977a718', 'systematicRegn', 1, '2015-03-20 09:04:01.466', '2015-06-18', 'lodged', 'lodge', NULL, 0.00, 0.00, 0.00, 'f990e2ab-fecc-485c-8fc5-eb1df631d56e', 1, 'i', 'test', '2015-03-20 09:04:01.456', '2015-03-20 10:02:09.781');
INSERT INTO service_historic (id, application_id, request_type_code, service_order, lodging_datetime, expected_completion_date, status_code, action_code, action_notes, base_fee, area_fee, value_fee, rowidentifier, rowversion, change_action, change_user, change_time, change_time_valid_until) VALUES ('15778f28-b4d9-47af-be96-6d6a2441c909', 'c27849a6-1e85-4787-886c-c51b2977a718', 'systematicRegn', 1, '2015-03-20 09:04:01.466', '2015-06-18', 'pending', 'start', NULL, 0.00, 0.00, 0.00, 'f990e2ab-fecc-485c-8fc5-eb1df631d56e', 2, 'u', 'test', '2015-03-20 10:02:09.781', '2015-03-20 10:03:31.962');
INSERT INTO service_historic (id, application_id, request_type_code, service_order, lodging_datetime, expected_completion_date, status_code, action_code, action_notes, base_fee, area_fee, value_fee, rowidentifier, rowversion, change_action, change_user, change_time, change_time_valid_until) VALUES ('ed3695fa-97dd-418f-a549-90ec5ac79e42', '15a6efbc-77e2-40be-823e-16b72ffd137a', 'systematicRegn', 1, '2015-03-20 09:01:50.532', '2015-06-18', 'lodged', 'lodge', NULL, 0.00, 0.00, 0.00, '141484f8-7b90-4964-af4b-5cf525f4359a', 1, 'i', 'test', '2015-03-20 09:01:50.527', '2015-03-20 10:04:22.963');
INSERT INTO service_historic (id, application_id, request_type_code, service_order, lodging_datetime, expected_completion_date, status_code, action_code, action_notes, base_fee, area_fee, value_fee, rowidentifier, rowversion, change_action, change_user, change_time, change_time_valid_until) VALUES ('ed3695fa-97dd-418f-a549-90ec5ac79e42', '15a6efbc-77e2-40be-823e-16b72ffd137a', 'systematicRegn', 1, '2015-03-20 09:01:50.532', '2015-06-18', 'pending', 'start', NULL, 0.00, 0.00, 0.00, '141484f8-7b90-4964-af4b-5cf525f4359a', 2, 'u', 'test', '2015-03-20 10:04:22.963', '2015-03-20 10:05:49.086');
INSERT INTO service_historic (id, application_id, request_type_code, service_order, lodging_datetime, expected_completion_date, status_code, action_code, action_notes, base_fee, area_fee, value_fee, rowidentifier, rowversion, change_action, change_user, change_time, change_time_valid_until) VALUES ('7f7f12ef-65d0-4878-be1a-e238e0a3b9c3', 'd6492c3d-7433-4bc0-9f4c-6d527cabc893', 'systematicRegn', 1, '2015-03-20 08:58:49.261', '2015-06-18', 'lodged', 'lodge', NULL, 0.00, 0.00, 0.00, 'f13563cc-7529-423b-aa2a-d1dfeae3ea9c', 1, 'i', 'test', '2015-03-20 08:58:49.243', '2015-03-20 10:06:02.731');
INSERT INTO service_historic (id, application_id, request_type_code, service_order, lodging_datetime, expected_completion_date, status_code, action_code, action_notes, base_fee, area_fee, value_fee, rowidentifier, rowversion, change_action, change_user, change_time, change_time_valid_until) VALUES ('7f7f12ef-65d0-4878-be1a-e238e0a3b9c3', 'd6492c3d-7433-4bc0-9f4c-6d527cabc893', 'systematicRegn', 1, '2015-03-20 08:58:49.261', '2015-06-18', 'pending', 'start', NULL, 0.00, 0.00, 0.00, 'f13563cc-7529-423b-aa2a-d1dfeae3ea9c', 2, 'u', 'test', '2015-03-20 10:06:02.731', '2015-03-20 10:08:30.147');
INSERT INTO service_historic (id, application_id, request_type_code, service_order, lodging_datetime, expected_completion_date, status_code, action_code, action_notes, base_fee, area_fee, value_fee, rowidentifier, rowversion, change_action, change_user, change_time, change_time_valid_until) VALUES ('a77d6e67-de64-426c-a778-971b3334a39a', '40e6bf8e-f159-4c09-9194-0df47accf948', 'systematicRegn', 1, '2015-03-20 08:51:18.057', '2015-06-18', 'lodged', 'lodge', NULL, 0.00, 0.00, 0.00, 'dce2dd7c-e601-4806-800d-9dfa528921cc', 1, 'i', 'test', '2015-03-20 08:51:18.051', '2015-03-20 10:08:45.337');
INSERT INTO service_historic (id, application_id, request_type_code, service_order, lodging_datetime, expected_completion_date, status_code, action_code, action_notes, base_fee, area_fee, value_fee, rowidentifier, rowversion, change_action, change_user, change_time, change_time_valid_until) VALUES ('a77d6e67-de64-426c-a778-971b3334a39a', '40e6bf8e-f159-4c09-9194-0df47accf948', 'systematicRegn', 1, '2015-03-20 08:51:18.057', '2015-06-18', 'pending', 'start', NULL, 0.00, 0.00, 0.00, 'dce2dd7c-e601-4806-800d-9dfa528921cc', 2, 'u', 'test', '2015-03-20 10:08:45.337', '2015-03-20 10:09:50.263');
INSERT INTO service_historic (id, application_id, request_type_code, service_order, lodging_datetime, expected_completion_date, status_code, action_code, action_notes, base_fee, area_fee, value_fee, rowidentifier, rowversion, change_action, change_user, change_time, change_time_valid_until) VALUES ('425a24e7-fb3b-4d81-9c72-3021aaed1af1', '32c60da2-8f82-4641-84ec-04d27bc7590c', 'systematicRegn', 1, '2015-03-20 08:45:46.584', '2015-06-18', 'lodged', 'lodge', NULL, 0.00, 0.00, 0.00, '36c787d9-2a54-412f-af23-ca8cfe0469b9', 1, 'i', 'test', '2015-03-20 08:45:46.571', '2015-03-20 10:10:19.41');
INSERT INTO service_historic (id, application_id, request_type_code, service_order, lodging_datetime, expected_completion_date, status_code, action_code, action_notes, base_fee, area_fee, value_fee, rowidentifier, rowversion, change_action, change_user, change_time, change_time_valid_until) VALUES ('425a24e7-fb3b-4d81-9c72-3021aaed1af1', '32c60da2-8f82-4641-84ec-04d27bc7590c', 'systematicRegn', 1, '2015-03-20 08:45:46.584', '2015-06-18', 'pending', 'start', NULL, 0.00, 0.00, 0.00, '36c787d9-2a54-412f-af23-ca8cfe0469b9', 2, 'u', 'test', '2015-03-20 10:10:19.41', '2015-03-20 10:11:16.304');
INSERT INTO service_historic (id, application_id, request_type_code, service_order, lodging_datetime, expected_completion_date, status_code, action_code, action_notes, base_fee, area_fee, value_fee, rowidentifier, rowversion, change_action, change_user, change_time, change_time_valid_until) VALUES ('27742d55-2401-4886-8f51-93174b859ad6', '20f215e6-2362-421a-a0be-97eee51a1ddb', 'systematicRegn', 1, '2015-03-20 08:43:11.663', '2015-06-18', 'lodged', 'lodge', NULL, 0.00, 0.00, 0.00, 'cd8f40eb-7d48-4704-87f6-784e61614623', 1, 'i', 'test', '2015-03-20 08:43:11.638', '2015-03-20 10:11:44.058');
INSERT INTO service_historic (id, application_id, request_type_code, service_order, lodging_datetime, expected_completion_date, status_code, action_code, action_notes, base_fee, area_fee, value_fee, rowidentifier, rowversion, change_action, change_user, change_time, change_time_valid_until) VALUES ('27742d55-2401-4886-8f51-93174b859ad6', '20f215e6-2362-421a-a0be-97eee51a1ddb', 'systematicRegn', 1, '2015-03-20 08:43:11.663', '2015-06-18', 'pending', 'start', NULL, 0.00, 0.00, 0.00, 'cd8f40eb-7d48-4704-87f6-784e61614623', 2, 'u', 'test', '2015-03-20 10:11:44.058', '2015-03-20 10:12:52.168');
INSERT INTO service_historic (id, application_id, request_type_code, service_order, lodging_datetime, expected_completion_date, status_code, action_code, action_notes, base_fee, area_fee, value_fee, rowidentifier, rowversion, change_action, change_user, change_time, change_time_valid_until) VALUES ('350e9c87-9bea-459e-85a3-b9b2661a6a6e', '85f6153e-974e-46c1-a6bd-5fd450ebc330', 'systematicRegn', 1, '2015-03-20 02:08:08.23', '2015-06-18', 'lodged', 'lodge', NULL, 0.00, 0.00, 0.00, 'e0c4eefc-73ac-4367-b298-92f6f54edec2', 1, 'i', 'test', '2015-03-20 02:08:08.222', '2015-03-20 10:13:18.532');
INSERT INTO service_historic (id, application_id, request_type_code, service_order, lodging_datetime, expected_completion_date, status_code, action_code, action_notes, base_fee, area_fee, value_fee, rowidentifier, rowversion, change_action, change_user, change_time, change_time_valid_until) VALUES ('350e9c87-9bea-459e-85a3-b9b2661a6a6e', '85f6153e-974e-46c1-a6bd-5fd450ebc330', 'systematicRegn', 1, '2015-03-20 02:08:08.23', '2015-06-18', 'pending', 'start', NULL, 0.00, 0.00, 0.00, 'e0c4eefc-73ac-4367-b298-92f6f54edec2', 2, 'u', 'test', '2015-03-20 10:13:18.532', '2015-03-20 10:14:41.354');
INSERT INTO service_historic (id, application_id, request_type_code, service_order, lodging_datetime, expected_completion_date, status_code, action_code, action_notes, base_fee, area_fee, value_fee, rowidentifier, rowversion, change_action, change_user, change_time, change_time_valid_until) VALUES ('b0e1f472-ced9-4afb-a72c-b2e042961fc7', '363c5cab-32c8-49b9-91b9-f223a5324aa8', 'systematicRegn', 1, '2015-03-20 02:02:55.438', '2015-06-18', 'lodged', 'lodge', NULL, 0.00, 0.00, 0.00, 'f7cab173-6415-428f-9c73-cbe736374745', 1, 'i', 'test', '2015-03-20 02:02:55.429', '2015-03-20 10:15:04.042');
INSERT INTO service_historic (id, application_id, request_type_code, service_order, lodging_datetime, expected_completion_date, status_code, action_code, action_notes, base_fee, area_fee, value_fee, rowidentifier, rowversion, change_action, change_user, change_time, change_time_valid_until) VALUES ('b0e1f472-ced9-4afb-a72c-b2e042961fc7', '363c5cab-32c8-49b9-91b9-f223a5324aa8', 'systematicRegn', 1, '2015-03-20 02:02:55.438', '2015-06-18', 'pending', 'start', NULL, 0.00, 0.00, 0.00, 'f7cab173-6415-428f-9c73-cbe736374745', 2, 'u', 'test', '2015-03-20 10:15:04.042', '2015-03-20 10:15:57.492');
INSERT INTO service_historic (id, application_id, request_type_code, service_order, lodging_datetime, expected_completion_date, status_code, action_code, action_notes, base_fee, area_fee, value_fee, rowidentifier, rowversion, change_action, change_user, change_time, change_time_valid_until) VALUES ('d67d1d28-8b24-4ea8-a11d-9c9f3b74cfac', '9aa2eddc-c896-4eeb-a7bb-7a8c8f6bfe36', 'systematicRegn', 1, '2015-03-20 01:54:16.089', '2015-06-18', 'lodged', 'lodge', NULL, 0.00, 0.00, 0.00, '7e843dfe-dab8-42e2-9bf3-5dd34bc11cf4', 1, 'i', 'test', '2015-03-20 01:54:16.085', '2015-03-20 10:16:28.38');
INSERT INTO service_historic (id, application_id, request_type_code, service_order, lodging_datetime, expected_completion_date, status_code, action_code, action_notes, base_fee, area_fee, value_fee, rowidentifier, rowversion, change_action, change_user, change_time, change_time_valid_until) VALUES ('d67d1d28-8b24-4ea8-a11d-9c9f3b74cfac', '9aa2eddc-c896-4eeb-a7bb-7a8c8f6bfe36', 'systematicRegn', 1, '2015-03-20 01:54:16.089', '2015-06-18', 'pending', 'start', NULL, 0.00, 0.00, 0.00, '7e843dfe-dab8-42e2-9bf3-5dd34bc11cf4', 2, 'u', 'test', '2015-03-20 10:16:28.38', '2015-03-20 10:17:39.13');
INSERT INTO service_historic (id, application_id, request_type_code, service_order, lodging_datetime, expected_completion_date, status_code, action_code, action_notes, base_fee, area_fee, value_fee, rowidentifier, rowversion, change_action, change_user, change_time, change_time_valid_until) VALUES ('840b455c-302b-477f-b205-b7ffe1c1457a', 'c94491c1-66d3-448c-a668-40dde677e19e', 'systematicRegn', 1, '2015-03-20 01:52:08.718', '2015-06-18', 'lodged', 'lodge', NULL, 0.00, 0.00, 0.00, 'db37f888-29a7-4302-af52-723bf0984d12', 1, 'i', 'test', '2015-03-20 01:52:08.71', '2015-03-20 10:17:55.013');
INSERT INTO service_historic (id, application_id, request_type_code, service_order, lodging_datetime, expected_completion_date, status_code, action_code, action_notes, base_fee, area_fee, value_fee, rowidentifier, rowversion, change_action, change_user, change_time, change_time_valid_until) VALUES ('840b455c-302b-477f-b205-b7ffe1c1457a', 'c94491c1-66d3-448c-a668-40dde677e19e', 'systematicRegn', 1, '2015-03-20 01:52:08.718', '2015-06-18', 'pending', 'start', NULL, 0.00, 0.00, 0.00, 'db37f888-29a7-4302-af52-723bf0984d12', 2, 'u', 'test', '2015-03-20 10:17:55.013', '2015-03-20 10:19:09.186');
INSERT INTO service_historic (id, application_id, request_type_code, service_order, lodging_datetime, expected_completion_date, status_code, action_code, action_notes, base_fee, area_fee, value_fee, rowidentifier, rowversion, change_action, change_user, change_time, change_time_valid_until) VALUES ('bd4740df-e4bc-45fa-8cce-94bcb8cf11d8', '8b3438aa-a61e-439e-b205-0c8dd3403ee5', 'systematicRegn', 1, '2015-03-20 01:49:18.346', '2015-06-18', 'lodged', 'lodge', NULL, 0.00, 0.00, 0.00, '479c7e01-ccb9-4e26-b433-285f35a7d20d', 1, 'i', 'test', '2015-03-20 01:49:18.289', '2015-03-20 10:19:29.538');
INSERT INTO service_historic (id, application_id, request_type_code, service_order, lodging_datetime, expected_completion_date, status_code, action_code, action_notes, base_fee, area_fee, value_fee, rowidentifier, rowversion, change_action, change_user, change_time, change_time_valid_until) VALUES ('bd4740df-e4bc-45fa-8cce-94bcb8cf11d8', '8b3438aa-a61e-439e-b205-0c8dd3403ee5', 'systematicRegn', 1, '2015-03-20 01:49:18.346', '2015-06-18', 'pending', 'start', NULL, 0.00, 0.00, 0.00, '479c7e01-ccb9-4e26-b433-285f35a7d20d', 2, 'u', 'test', '2015-03-20 10:19:29.538', '2015-03-20 10:20:21.408');
INSERT INTO service_historic (id, application_id, request_type_code, service_order, lodging_datetime, expected_completion_date, status_code, action_code, action_notes, base_fee, area_fee, value_fee, rowidentifier, rowversion, change_action, change_user, change_time, change_time_valid_until) VALUES ('57572f48-470e-44e7-9e64-e93b2c1a2366', 'a853a949-542f-4de1-8fb6-7c94e682c09a', 'systematicRegn', 1, '2015-03-20 01:44:33.292', '2015-06-18', 'lodged', 'lodge', NULL, 0.00, 0.00, 0.00, 'af608308-aa4c-4159-b282-b41a77ea0f18', 1, 'i', 'test', '2015-03-20 01:44:33.284', '2015-03-20 10:20:41.223');
INSERT INTO service_historic (id, application_id, request_type_code, service_order, lodging_datetime, expected_completion_date, status_code, action_code, action_notes, base_fee, area_fee, value_fee, rowidentifier, rowversion, change_action, change_user, change_time, change_time_valid_until) VALUES ('57572f48-470e-44e7-9e64-e93b2c1a2366', 'a853a949-542f-4de1-8fb6-7c94e682c09a', 'systematicRegn', 1, '2015-03-20 01:44:33.292', '2015-06-18', 'pending', 'start', NULL, 0.00, 0.00, 0.00, 'af608308-aa4c-4159-b282-b41a77ea0f18', 2, 'u', 'test', '2015-03-20 10:20:41.223', '2015-03-20 10:21:33.975');
INSERT INTO service_historic (id, application_id, request_type_code, service_order, lodging_datetime, expected_completion_date, status_code, action_code, action_notes, base_fee, area_fee, value_fee, rowidentifier, rowversion, change_action, change_user, change_time, change_time_valid_until) VALUES ('9f0aebb0-f9fd-4bd2-beab-64c3c8e03962', '2a69de6c-bb2c-4eb4-9a0e-e7190c3efbf2', 'systematicRegn', 1, '2015-03-20 01:40:44.905', '2015-06-18', 'lodged', 'lodge', NULL, 0.00, 0.00, 0.00, '7f383696-8829-4238-8324-87a341df615e', 1, 'i', 'test', '2015-03-20 01:40:44.897', '2015-03-20 10:21:56.323');
INSERT INTO service_historic (id, application_id, request_type_code, service_order, lodging_datetime, expected_completion_date, status_code, action_code, action_notes, base_fee, area_fee, value_fee, rowidentifier, rowversion, change_action, change_user, change_time, change_time_valid_until) VALUES ('9f0aebb0-f9fd-4bd2-beab-64c3c8e03962', '2a69de6c-bb2c-4eb4-9a0e-e7190c3efbf2', 'systematicRegn', 1, '2015-03-20 01:40:44.905', '2015-06-18', 'pending', 'start', NULL, 0.00, 0.00, 0.00, '7f383696-8829-4238-8324-87a341df615e', 2, 'u', 'test', '2015-03-20 10:21:56.323', '2015-03-20 10:23:22.565');
INSERT INTO service_historic (id, application_id, request_type_code, service_order, lodging_datetime, expected_completion_date, status_code, action_code, action_notes, base_fee, area_fee, value_fee, rowidentifier, rowversion, change_action, change_user, change_time, change_time_valid_until) VALUES ('822cb196-753b-46dd-ad6a-f5816ef49647', NULL, 'cadastrePrint', 0, '2015-03-20 10:32:45.215', '2015-03-20', 'lodged', 'lodge', NULL, 0.00, 0.00, 0.00, '5df6ad3e-a63c-4c27-84a7-e24bdbe441c3', 1, 'i', 'test', '2015-03-20 10:32:45.207', '2015-03-20 10:32:45.207');
INSERT INTO service_historic (id, application_id, request_type_code, service_order, lodging_datetime, expected_completion_date, status_code, action_code, action_notes, base_fee, area_fee, value_fee, rowidentifier, rowversion, change_action, change_user, change_time, change_time_valid_until) VALUES ('712acf5d-34b0-4dd9-ad0d-31df1929fe22', NULL, 'cadastrePrint', 0, '2015-03-20 10:33:34.958', '2015-03-20', 'lodged', 'lodge', NULL, 0.00, 0.00, 0.00, '9276d9ce-2d3f-4d20-815d-41f7cd4db9e4', 1, 'i', 'test', '2015-03-20 10:33:34.952', '2015-03-20 10:33:34.952');
INSERT INTO service_historic (id, application_id, request_type_code, service_order, lodging_datetime, expected_completion_date, status_code, action_code, action_notes, base_fee, area_fee, value_fee, rowidentifier, rowversion, change_action, change_user, change_time, change_time_valid_until) VALUES ('7d7ad82a-7251-45ee-b23f-8b00e2ecff62', NULL, 'cadastrePrint', 0, '2015-03-20 10:34:14.092', '2015-03-20', 'lodged', 'lodge', NULL, 0.00, 0.00, 0.00, '1f95be9b-1f5b-4593-b835-4330ca809e96', 1, 'i', 'test', '2015-03-20 10:34:14.085', '2015-03-20 10:34:14.085');
INSERT INTO service_historic (id, application_id, request_type_code, service_order, lodging_datetime, expected_completion_date, status_code, action_code, action_notes, base_fee, area_fee, value_fee, rowidentifier, rowversion, change_action, change_user, change_time, change_time_valid_until) VALUES ('d8a2f35b-8d94-43bb-aab2-d145ece54f46', NULL, 'cadastrePrint', 0, '2015-03-20 10:50:01.815', '2015-03-20', 'lodged', 'lodge', NULL, 0.00, 0.00, 0.00, '094ba65a-4b4f-4e41-9ec1-9ab004ef896c', 1, 'i', 'test', '2015-03-20 10:50:01.793', '2015-03-20 10:50:01.793');
INSERT INTO service_historic (id, application_id, request_type_code, service_order, lodging_datetime, expected_completion_date, status_code, action_code, action_notes, base_fee, area_fee, value_fee, rowidentifier, rowversion, change_action, change_user, change_time, change_time_valid_until) VALUES ('e99b4092-eb5d-4c7e-8bb6-aeff7b2d2724', NULL, 'cadastrePrint', 0, '2015-03-20 10:50:32.903', '2015-03-20', 'lodged', 'lodge', NULL, 0.00, 0.00, 0.00, '31989392-ba1f-47cb-9f11-20070417b236', 1, 'i', 'test', '2015-03-20 10:50:32.894', '2015-03-20 10:50:32.894');
INSERT INTO service_historic (id, application_id, request_type_code, service_order, lodging_datetime, expected_completion_date, status_code, action_code, action_notes, base_fee, area_fee, value_fee, rowidentifier, rowversion, change_action, change_user, change_time, change_time_valid_until) VALUES ('aaeb3acf-295c-45ee-8299-160ed0e90ec3', NULL, 'cadastrePrint', 0, '2015-03-20 10:51:19.846', '2015-03-20', 'lodged', 'lodge', NULL, 0.00, 0.00, 0.00, 'c5377524-4b72-45c1-b565-9d8513db51f6', 1, 'i', 'test', '2015-03-20 10:51:19.838', '2015-03-20 10:51:19.838');
INSERT INTO service_historic (id, application_id, request_type_code, service_order, lodging_datetime, expected_completion_date, status_code, action_code, action_notes, base_fee, area_fee, value_fee, rowidentifier, rowversion, change_action, change_user, change_time, change_time_valid_until) VALUES ('17968d83-1a96-46f9-b832-0170fa1fb743', NULL, 'cadastrePrint', 0, '2015-03-20 10:52:22.224', '2015-03-20', 'lodged', 'lodge', NULL, 0.00, 0.00, 0.00, '1628c5ef-d874-4ded-8a06-a49bcd112479', 1, 'i', 'test', '2015-03-20 10:52:22.217', '2015-03-20 10:52:22.217');
INSERT INTO service_historic (id, application_id, request_type_code, service_order, lodging_datetime, expected_completion_date, status_code, action_code, action_notes, base_fee, area_fee, value_fee, rowidentifier, rowversion, change_action, change_user, change_time, change_time_valid_until) VALUES ('5093f09b-85ac-4d4d-a14f-ee9c60dfb2df', NULL, 'cadastrePrint', 0, '2015-03-20 10:53:29.55', '2015-03-20', 'lodged', 'lodge', NULL, 0.00, 0.00, 0.00, '3e26ba9c-12a2-4c53-91a8-4863007cffc0', 1, 'i', 'test', '2015-03-20 10:53:29.543', '2015-03-20 10:53:29.543');
INSERT INTO service_historic (id, application_id, request_type_code, service_order, lodging_datetime, expected_completion_date, status_code, action_code, action_notes, base_fee, area_fee, value_fee, rowidentifier, rowversion, change_action, change_user, change_time, change_time_valid_until) VALUES ('89762ff0-4731-4c99-bfda-7c81a8ab3468', NULL, 'cadastrePrint', 0, '2015-03-20 10:54:09.224', '2015-03-20', 'lodged', 'lodge', NULL, 0.00, 0.00, 0.00, 'cb38de10-f950-4156-87b1-c3b2ced01345', 1, 'i', 'test', '2015-03-20 10:54:09.215', '2015-03-20 10:54:09.215');
INSERT INTO service_historic (id, application_id, request_type_code, service_order, lodging_datetime, expected_completion_date, status_code, action_code, action_notes, base_fee, area_fee, value_fee, rowidentifier, rowversion, change_action, change_user, change_time, change_time_valid_until) VALUES ('cd5b1187-3ae7-4064-91e7-7819c280c6d1', '7c7a2e7c-ddfb-4ff2-890d-9f7b7e39cc4d', 'systematicRegn', 1, '2015-03-20 13:07:23.036', '2015-06-18', 'lodged', 'lodge', NULL, 0.00, 0.00, 0.00, '25de6cb6-fc45-4dbd-9647-a5aa07152127', 1, 'i', 'test', '2015-03-20 13:07:23.03', '2015-03-20 13:07:49.415');
INSERT INTO service_historic (id, application_id, request_type_code, service_order, lodging_datetime, expected_completion_date, status_code, action_code, action_notes, base_fee, area_fee, value_fee, rowidentifier, rowversion, change_action, change_user, change_time, change_time_valid_until) VALUES ('cd5b1187-3ae7-4064-91e7-7819c280c6d1', '7c7a2e7c-ddfb-4ff2-890d-9f7b7e39cc4d', 'systematicRegn', 1, '2015-03-20 13:07:23.036', '2015-06-18', 'pending', 'start', NULL, 0.00, 0.00, 0.00, '25de6cb6-fc45-4dbd-9647-a5aa07152127', 2, 'u', 'test', '2015-03-20 13:07:49.415', '2015-03-20 13:09:18.726');
INSERT INTO service_historic (id, application_id, request_type_code, service_order, lodging_datetime, expected_completion_date, status_code, action_code, action_notes, base_fee, area_fee, value_fee, rowidentifier, rowversion, change_action, change_user, change_time, change_time_valid_until) VALUES ('538cbc46-bd3b-40f4-87bd-0e7f3afbbabd', '875e6460-c597-4147-ace6-e0fdd1f80c09', 'systematicRegn', 1, '2015-03-20 13:05:13.238', '2015-06-18', 'lodged', 'lodge', NULL, 0.00, 0.00, 0.00, 'f6102a9c-138b-433b-a11f-272cbd0d8ea0', 1, 'i', 'test', '2015-03-20 13:05:13.23', '2015-03-20 13:09:36.254');
INSERT INTO service_historic (id, application_id, request_type_code, service_order, lodging_datetime, expected_completion_date, status_code, action_code, action_notes, base_fee, area_fee, value_fee, rowidentifier, rowversion, change_action, change_user, change_time, change_time_valid_until) VALUES ('538cbc46-bd3b-40f4-87bd-0e7f3afbbabd', '875e6460-c597-4147-ace6-e0fdd1f80c09', 'systematicRegn', 1, '2015-03-20 13:05:13.238', '2015-06-18', 'pending', 'start', NULL, 0.00, 0.00, 0.00, 'f6102a9c-138b-433b-a11f-272cbd0d8ea0', 2, 'u', 'test', '2015-03-20 13:09:36.254', '2015-03-20 13:11:15.886');
INSERT INTO service_historic (id, application_id, request_type_code, service_order, lodging_datetime, expected_completion_date, status_code, action_code, action_notes, base_fee, area_fee, value_fee, rowidentifier, rowversion, change_action, change_user, change_time, change_time_valid_until) VALUES ('c33b9cd0-b109-41ed-a0e0-7c911b39aaa0', 'be391b04-b7cd-4136-a27a-bca634cc1da1', 'systematicRegn', 1, '2015-03-20 13:02:28.644', '2015-06-18', 'lodged', 'lodge', NULL, 0.00, 0.00, 0.00, '1b90bf3f-55cb-4f25-af6a-710ae4412d9a', 1, 'i', 'test', '2015-03-20 13:02:28.636', '2015-03-20 13:11:40.035');
INSERT INTO service_historic (id, application_id, request_type_code, service_order, lodging_datetime, expected_completion_date, status_code, action_code, action_notes, base_fee, area_fee, value_fee, rowidentifier, rowversion, change_action, change_user, change_time, change_time_valid_until) VALUES ('c33b9cd0-b109-41ed-a0e0-7c911b39aaa0', 'be391b04-b7cd-4136-a27a-bca634cc1da1', 'systematicRegn', 1, '2015-03-20 13:02:28.644', '2015-06-18', 'pending', 'start', NULL, 0.00, 0.00, 0.00, '1b90bf3f-55cb-4f25-af6a-710ae4412d9a', 2, 'u', 'test', '2015-03-20 13:11:40.035', '2015-03-20 13:12:40.781');
INSERT INTO service_historic (id, application_id, request_type_code, service_order, lodging_datetime, expected_completion_date, status_code, action_code, action_notes, base_fee, area_fee, value_fee, rowidentifier, rowversion, change_action, change_user, change_time, change_time_valid_until) VALUES ('c7b9bdca-d97a-4f7f-8688-6ca7176c8a0e', '00b1e4f3-4fa5-436b-8dde-01bd8b2530c3', 'systematicRegn', 1, '2015-03-20 13:00:28.487', '2015-06-18', 'lodged', 'lodge', NULL, 0.00, 0.00, 0.00, 'bc4774f0-890c-48bd-82ed-1a0d12044c78', 1, 'i', 'test', '2015-03-20 13:00:28.481', '2015-03-20 13:12:56.578');
INSERT INTO service_historic (id, application_id, request_type_code, service_order, lodging_datetime, expected_completion_date, status_code, action_code, action_notes, base_fee, area_fee, value_fee, rowidentifier, rowversion, change_action, change_user, change_time, change_time_valid_until) VALUES ('c7b9bdca-d97a-4f7f-8688-6ca7176c8a0e', '00b1e4f3-4fa5-436b-8dde-01bd8b2530c3', 'systematicRegn', 1, '2015-03-20 13:00:28.487', '2015-06-18', 'pending', 'start', NULL, 0.00, 0.00, 0.00, 'bc4774f0-890c-48bd-82ed-1a0d12044c78', 2, 'u', 'test', '2015-03-20 13:12:56.578', '2015-03-20 13:14:18.121');
INSERT INTO service_historic (id, application_id, request_type_code, service_order, lodging_datetime, expected_completion_date, status_code, action_code, action_notes, base_fee, area_fee, value_fee, rowidentifier, rowversion, change_action, change_user, change_time, change_time_valid_until) VALUES ('a3c54b21-52dc-4ae9-a046-0726f90c12cb', '8e841b21-87b1-4697-9d2d-b7c3d6dcde2b', 'systematicRegn', 1, '2015-03-20 12:58:24.595', '2015-06-18', 'lodged', 'lodge', NULL, 0.00, 0.00, 0.00, 'b4362555-5908-4e10-9f0f-6c9fa5ba48a2', 1, 'i', 'test', '2015-03-20 12:58:24.54', '2015-03-20 13:15:02.488');
INSERT INTO service_historic (id, application_id, request_type_code, service_order, lodging_datetime, expected_completion_date, status_code, action_code, action_notes, base_fee, area_fee, value_fee, rowidentifier, rowversion, change_action, change_user, change_time, change_time_valid_until) VALUES ('a3c54b21-52dc-4ae9-a046-0726f90c12cb', '8e841b21-87b1-4697-9d2d-b7c3d6dcde2b', 'systematicRegn', 1, '2015-03-20 12:58:24.595', '2015-06-18', 'pending', 'start', NULL, 0.00, 0.00, 0.00, 'b4362555-5908-4e10-9f0f-6c9fa5ba48a2', 2, 'u', 'test', '2015-03-20 13:15:02.488', '2015-03-20 13:16:25.54');
INSERT INTO service_historic (id, application_id, request_type_code, service_order, lodging_datetime, expected_completion_date, status_code, action_code, action_notes, base_fee, area_fee, value_fee, rowidentifier, rowversion, change_action, change_user, change_time, change_time_valid_until) VALUES ('3cde223f-8b05-4f32-bd3f-e718540b7f52', NULL, 'cadastrePrint', 0, '2015-03-20 13:22:05.214', '2015-03-20', 'lodged', 'lodge', NULL, 0.00, 0.00, 0.00, '14bad832-6eb0-4765-a779-f0e01fdb6db6', 1, 'i', 'test', '2015-03-20 13:22:05.207', '2015-03-20 13:22:05.207');
INSERT INTO service_historic (id, application_id, request_type_code, service_order, lodging_datetime, expected_completion_date, status_code, action_code, action_notes, base_fee, area_fee, value_fee, rowidentifier, rowversion, change_action, change_user, change_time, change_time_valid_until) VALUES ('3ac77d31-a509-4d64-9b28-06b2648110fc', NULL, 'cadastrePrint', 0, '2015-03-20 13:22:50.995', '2015-03-20', 'lodged', 'lodge', NULL, 0.00, 0.00, 0.00, '459bc6f1-7fab-47d3-886f-5b8393c8bab9', 1, 'i', 'test', '2015-03-20 13:22:50.987', '2015-03-20 13:22:50.987');
INSERT INTO service_historic (id, application_id, request_type_code, service_order, lodging_datetime, expected_completion_date, status_code, action_code, action_notes, base_fee, area_fee, value_fee, rowidentifier, rowversion, change_action, change_user, change_time, change_time_valid_until) VALUES ('3802662e-7589-4283-a799-5bf2c49f3987', NULL, 'cadastrePrint', 0, '2015-03-20 13:23:34.482', '2015-03-20', 'lodged', 'lodge', NULL, 0.00, 0.00, 0.00, '417c67a6-ab6b-4956-a7f1-117749677ed4', 1, 'i', 'test', '2015-03-20 13:23:34.474', '2015-03-20 13:23:34.474');
INSERT INTO service_historic (id, application_id, request_type_code, service_order, lodging_datetime, expected_completion_date, status_code, action_code, action_notes, base_fee, area_fee, value_fee, rowidentifier, rowversion, change_action, change_user, change_time, change_time_valid_until) VALUES ('522eb242-e1bb-4379-b591-1a8e8e7ec6b7', NULL, 'cadastrePrint', 0, '2015-03-20 13:24:19.875', '2015-03-20', 'lodged', 'lodge', NULL, 0.00, 0.00, 0.00, 'd6661a7e-12de-4925-996d-603c02085853', 1, 'i', 'test', '2015-03-20 13:24:19.864', '2015-03-20 13:24:19.864');
INSERT INTO service_historic (id, application_id, request_type_code, service_order, lodging_datetime, expected_completion_date, status_code, action_code, action_notes, base_fee, area_fee, value_fee, rowidentifier, rowversion, change_action, change_user, change_time, change_time_valid_until) VALUES ('d2fb8a9f-f9af-4a16-8933-4683256f7e90', '65d43ff2-4be7-4599-ae44-c9669f84e2f5', 'systematicRegn', 1, '2015-03-20 13:41:53.449', '2015-06-18', 'lodged', 'lodge', NULL, 0.00, 0.00, 0.00, 'b97c0142-918f-4bc9-a5e6-377454249a31', 1, 'i', 'test', '2015-03-20 13:41:53.431', '2015-03-20 13:42:29.616');
INSERT INTO service_historic (id, application_id, request_type_code, service_order, lodging_datetime, expected_completion_date, status_code, action_code, action_notes, base_fee, area_fee, value_fee, rowidentifier, rowversion, change_action, change_user, change_time, change_time_valid_until) VALUES ('d2fb8a9f-f9af-4a16-8933-4683256f7e90', '65d43ff2-4be7-4599-ae44-c9669f84e2f5', 'systematicRegn', 1, '2015-03-20 13:41:53.449', '2015-06-18', 'pending', 'start', NULL, 0.00, 0.00, 0.00, 'b97c0142-918f-4bc9-a5e6-377454249a31', 2, 'u', 'test', '2015-03-20 13:42:29.616', '2015-03-20 13:43:32.493');
INSERT INTO service_historic (id, application_id, request_type_code, service_order, lodging_datetime, expected_completion_date, status_code, action_code, action_notes, base_fee, area_fee, value_fee, rowidentifier, rowversion, change_action, change_user, change_time, change_time_valid_until) VALUES ('736bca4a-fd8f-4c03-8eac-795e760afbe5', '215cf4e0-b59c-4401-a3f8-892856a3029c', 'systematicRegn', 1, '2015-03-20 13:39:13.564', '2015-06-18', 'lodged', 'lodge', NULL, 0.00, 0.00, 0.00, '3a5988d8-9e6b-4982-b1fa-1ca6b56b0ebc', 1, 'i', 'test', '2015-03-20 13:39:13.479', '2015-03-20 13:43:58.102');
INSERT INTO service_historic (id, application_id, request_type_code, service_order, lodging_datetime, expected_completion_date, status_code, action_code, action_notes, base_fee, area_fee, value_fee, rowidentifier, rowversion, change_action, change_user, change_time, change_time_valid_until) VALUES ('736bca4a-fd8f-4c03-8eac-795e760afbe5', '215cf4e0-b59c-4401-a3f8-892856a3029c', 'systematicRegn', 1, '2015-03-20 13:39:13.564', '2015-06-18', 'pending', 'start', NULL, 0.00, 0.00, 0.00, '3a5988d8-9e6b-4982-b1fa-1ca6b56b0ebc', 2, 'u', 'test', '2015-03-20 13:43:58.102', '2015-03-20 13:45:03.404');
INSERT INTO service_historic (id, application_id, request_type_code, service_order, lodging_datetime, expected_completion_date, status_code, action_code, action_notes, base_fee, area_fee, value_fee, rowidentifier, rowversion, change_action, change_user, change_time, change_time_valid_until) VALUES ('ea0d816c-3318-4ea6-8d33-967abb3bce93', '07b01c84-3acf-4dee-a2c1-3d8da7e912d1', 'systematicRegn', 1, '2015-03-20 13:36:06.25', '2015-06-18', 'lodged', 'lodge', NULL, 0.00, 0.00, 0.00, 'a7f8e4bc-0735-4bec-bda8-69ec8aba462d', 1, 'i', 'test', '2015-03-20 13:36:06.246', '2015-03-20 13:45:25.208');
INSERT INTO service_historic (id, application_id, request_type_code, service_order, lodging_datetime, expected_completion_date, status_code, action_code, action_notes, base_fee, area_fee, value_fee, rowidentifier, rowversion, change_action, change_user, change_time, change_time_valid_until) VALUES ('ea0d816c-3318-4ea6-8d33-967abb3bce93', '07b01c84-3acf-4dee-a2c1-3d8da7e912d1', 'systematicRegn', 1, '2015-03-20 13:36:06.25', '2015-06-18', 'pending', 'start', NULL, 0.00, 0.00, 0.00, 'a7f8e4bc-0735-4bec-bda8-69ec8aba462d', 2, 'u', 'test', '2015-03-20 13:45:25.208', '2015-03-20 13:46:33.193');
INSERT INTO service_historic (id, application_id, request_type_code, service_order, lodging_datetime, expected_completion_date, status_code, action_code, action_notes, base_fee, area_fee, value_fee, rowidentifier, rowversion, change_action, change_user, change_time, change_time_valid_until) VALUES ('a3d91724-cc23-4f05-b39e-9eb0a0d36fd6', '4355bd2f-aa04-41d9-9fb8-02b733acc1f9', 'systematicRegn', 1, '2015-03-20 13:34:22.746', '2015-06-18', 'lodged', 'lodge', NULL, 0.00, 0.00, 0.00, 'c6cd4ceb-9f81-4f04-bf7e-ad75f757b157', 1, 'i', 'test', '2015-03-20 13:34:22.697', '2015-03-20 13:46:50.527');
INSERT INTO service_historic (id, application_id, request_type_code, service_order, lodging_datetime, expected_completion_date, status_code, action_code, action_notes, base_fee, area_fee, value_fee, rowidentifier, rowversion, change_action, change_user, change_time, change_time_valid_until) VALUES ('a3d91724-cc23-4f05-b39e-9eb0a0d36fd6', '4355bd2f-aa04-41d9-9fb8-02b733acc1f9', 'systematicRegn', 1, '2015-03-20 13:34:22.746', '2015-06-18', 'pending', 'start', NULL, 0.00, 0.00, 0.00, 'c6cd4ceb-9f81-4f04-bf7e-ad75f757b157', 2, 'u', 'test', '2015-03-20 13:46:50.527', '2015-03-20 13:47:45.766');
INSERT INTO service_historic (id, application_id, request_type_code, service_order, lodging_datetime, expected_completion_date, status_code, action_code, action_notes, base_fee, area_fee, value_fee, rowidentifier, rowversion, change_action, change_user, change_time, change_time_valid_until) VALUES ('f25b949d-ab78-42ec-b781-b4f4fb0fe7b6', NULL, 'cadastrePrint', 0, '2015-03-20 13:48:31.513', '2015-03-20', 'lodged', 'lodge', NULL, 0.00, 0.00, 0.00, '083a8c11-34ad-4291-9a16-6f34dd1c7b02', 1, 'i', 'test', '2015-03-20 13:48:31.506', '2015-03-20 13:48:31.506');
INSERT INTO service_historic (id, application_id, request_type_code, service_order, lodging_datetime, expected_completion_date, status_code, action_code, action_notes, base_fee, area_fee, value_fee, rowidentifier, rowversion, change_action, change_user, change_time, change_time_valid_until) VALUES ('8f33a3e3-9107-41bf-ae9b-50e4706efcd2', NULL, 'cadastrePrint', 0, '2015-03-20 13:55:41.657', '2015-03-20', 'lodged', 'lodge', NULL, 0.00, 0.00, 0.00, 'd1ea96a6-c460-4bda-b365-c675161f85eb', 1, 'i', 'test', '2015-03-20 13:55:41.651', '2015-03-20 13:55:41.651');


ALTER TABLE service_historic ENABLE TRIGGER ALL;

-- Completed on 2015-03-23 16:04:42

--
-- PostgreSQL database dump complete
--

